2026-09-09 09:18:02,961 DEBUG library.python.filelock: Acquiring FileLock (blocking=True): /home/kkhamitov/git/ydb-wlmq/~/.ya/snowden/v1/locks/2026_09_09_09_18_02_ql88v996
2026-09-09 09:18:02,962 DEBUG library.python.filelock: Acquiring FileLock (blocking=False): /home/kkhamitov/git/ydb-wlmq/~/.ya/snowden/v1/client.lock
2026-09-09 09:18:02,980 INFO yalibrary.snowden.daemon[standalone]: Snowden daemon started, store_dir=/home/kkhamitov/git/ydb-wlmq/~/.ya/snowden/v1, shard=report, pid=2341621
2026-09-09 09:18:02,980 DEBUG library.python.filelock: Acquiring FileLock (blocking=True): /home/kkhamitov/git/ydb-wlmq/~/.ya/snowden/v1/locks/2026_09_09_09_18_02_cffa0u81
2026-09-09 09:18:02,981 DEBUG library.python.filelock: Ensuring FileLock released: /home/kkhamitov/git/ydb-wlmq/~/.ya/snowden/v1/locks/2026_09_09_09_18_02_ql88v996
2026-09-09 09:18:02,981 DEBUG library.python.filelock: Ensuring FileLock released: /home/kkhamitov/git/ydb-wlmq/~/.ya/snowden/v1/locks/2026_09_09_09_18_02_ql88v996
2026-09-09 09:18:02,981 DEBUG library.python.filelock: Acquiring FileLock (blocking=False): /home/kkhamitov/git/ydb-wlmq/~/.ya/snowden/v1/locks/2026_09_09_09_18_02_8d3mg60d
2026-09-09 09:18:02,981 DEBUG library.python.filelock: Ensuring FileLock released: /home/kkhamitov/git/ydb-wlmq/~/.ya/snowden/v1/locks/2026_09_09_09_18_02_8d3mg60d
2026-09-09 09:18:02,981 DEBUG library.python.filelock: Ensuring FileLock released: /home/kkhamitov/git/ydb-wlmq/~/.ya/snowden/v1/locks/2026_09_09_09_18_02_8d3mg60d
2026-09-09 09:19:03,016 DEBUG library.python.filelock: Acquiring FileLock (blocking=True): /home/kkhamitov/git/ydb-wlmq/~/.ya/snowden/v1/locks/2026_09_09_09_19_03_vlpph6zr
2026-09-09 09:19:03,017 DEBUG library.python.filelock: Ensuring FileLock released: /home/kkhamitov/git/ydb-wlmq/~/.ya/snowden/v1/locks/2026_09_09_09_18_02_cffa0u81
2026-09-09 09:19:03,017 DEBUG library.python.filelock: Ensuring FileLock released: /home/kkhamitov/git/ydb-wlmq/~/.ya/snowden/v1/locks/2026_09_09_09_18_02_cffa0u81
2026-09-09 09:20:03,038 DEBUG library.python.filelock: Acquiring FileLock (blocking=True): /home/kkhamitov/git/ydb-wlmq/~/.ya/snowden/v1/locks/2026_09_09_09_20_03_9iryirlm
2026-09-09 09:20:03,038 DEBUG library.python.filelock: Ensuring FileLock released: /home/kkhamitov/git/ydb-wlmq/~/.ya/snowden/v1/locks/2026_09_09_09_19_03_vlpph6zr
2026-09-09 09:20:03,038 DEBUG library.python.filelock: Ensuring FileLock released: /home/kkhamitov/git/ydb-wlmq/~/.ya/snowden/v1/locks/2026_09_09_09_19_03_vlpph6zr
2026-09-09 09:21:03,049 DEBUG library.python.filelock: Acquiring FileLock (blocking=True): /home/kkhamitov/git/ydb-wlmq/~/.ya/snowden/v1/locks/2026_09_09_09_21_03_ankudgyz
2026-09-09 09:21:03,049 DEBUG library.python.filelock: Ensuring FileLock released: /home/kkhamitov/git/ydb-wlmq/~/.ya/snowden/v1/locks/2026_09_09_09_20_03_9iryirlm
2026-09-09 09:21:03,050 DEBUG library.python.filelock: Ensuring FileLock released: /home/kkhamitov/git/ydb-wlmq/~/.ya/snowden/v1/locks/2026_09_09_09_20_03_9iryirlm
2026-09-09 09:22:03,059 DEBUG library.python.filelock: Acquiring FileLock (blocking=True): /home/kkhamitov/git/ydb-wlmq/~/.ya/snowden/v1/locks/2026_09_09_09_22_03_r3pv5pst
2026-09-09 09:22:03,059 DEBUG library.python.filelock: Ensuring FileLock released: /home/kkhamitov/git/ydb-wlmq/~/.ya/snowden/v1/locks/2026_09_09_09_21_03_ankudgyz
2026-09-09 09:22:03,059 DEBUG library.python.filelock: Ensuring FileLock released: /home/kkhamitov/git/ydb-wlmq/~/.ya/snowden/v1/locks/2026_09_09_09_21_03_ankudgyz
2026-09-09 09:23:03,087 DEBUG library.python.filelock: Acquiring FileLock (blocking=True): /home/kkhamitov/git/ydb-wlmq/~/.ya/snowden/v1/locks/2026_09_09_09_23_03_3rzt39dq
2026-09-09 09:23:03,088 DEBUG library.python.filelock: Ensuring FileLock released: /home/kkhamitov/git/ydb-wlmq/~/.ya/snowden/v1/locks/2026_09_09_09_22_03_r3pv5pst
2026-09-09 09:23:03,088 DEBUG library.python.filelock: Ensuring FileLock released: /home/kkhamitov/git/ydb-wlmq/~/.ya/snowden/v1/locks/2026_09_09_09_22_03_r3pv5pst
2026-09-09 09:24:03,100 DEBUG library.python.filelock: Acquiring FileLock (blocking=True): /home/kkhamitov/git/ydb-wlmq/~/.ya/snowden/v1/locks/2026_09_09_09_24_03_5fbvup8d
2026-09-09 09:24:03,101 DEBUG library.python.filelock: Ensuring FileLock released: /home/kkhamitov/git/ydb-wlmq/~/.ya/snowden/v1/locks/2026_09_09_09_23_03_3rzt39dq
2026-09-09 09:24:03,101 DEBUG library.python.filelock: Ensuring FileLock released: /home/kkhamitov/git/ydb-wlmq/~/.ya/snowden/v1/locks/2026_09_09_09_23_03_3rzt39dq
2026-09-09 09:25:03,110 DEBUG library.python.filelock: Acquiring FileLock (blocking=True): /home/kkhamitov/git/ydb-wlmq/~/.ya/snowden/v1/locks/2026_09_09_09_25_03_6q29oud4
2026-09-09 09:25:03,110 DEBUG library.python.filelock: Ensuring FileLock released: /home/kkhamitov/git/ydb-wlmq/~/.ya/snowden/v1/locks/2026_09_09_09_24_03_5fbvup8d
2026-09-09 09:25:03,110 DEBUG library.python.filelock: Ensuring FileLock released: /home/kkhamitov/git/ydb-wlmq/~/.ya/snowden/v1/locks/2026_09_09_09_24_03_5fbvup8d
2026-09-09 09:26:03,129 DEBUG library.python.filelock: Acquiring FileLock (blocking=True): /home/kkhamitov/git/ydb-wlmq/~/.ya/snowden/v1/locks/2026_09_09_09_26_03_u46qldr7
2026-09-09 09:26:03,129 DEBUG library.python.filelock: Ensuring FileLock released: /home/kkhamitov/git/ydb-wlmq/~/.ya/snowden/v1/locks/2026_09_09_09_25_03_6q29oud4
2026-09-09 09:26:03,129 DEBUG library.python.filelock: Ensuring FileLock released: /home/kkhamitov/git/ydb-wlmq/~/.ya/snowden/v1/locks/2026_09_09_09_25_03_6q29oud4
2026-09-09 09:27:03,151 DEBUG library.python.filelock: Acquiring FileLock (blocking=True): /home/kkhamitov/git/ydb-wlmq/~/.ya/snowden/v1/locks/2026_09_09_09_27_03_u8tt1gzz
2026-09-09 09:27:03,152 DEBUG library.python.filelock: Ensuring FileLock released: /home/kkhamitov/git/ydb-wlmq/~/.ya/snowden/v1/locks/2026_09_09_09_26_03_u46qldr7
2026-09-09 09:27:03,152 DEBUG library.python.filelock: Ensuring FileLock released: /home/kkhamitov/git/ydb-wlmq/~/.ya/snowden/v1/locks/2026_09_09_09_26_03_u46qldr7
2026-09-09 09:28:03,161 DEBUG library.python.filelock: Acquiring FileLock (blocking=True): /home/kkhamitov/git/ydb-wlmq/~/.ya/snowden/v1/locks/2026_09_09_09_28_03_crrkwm32
2026-09-09 09:28:03,161 DEBUG library.python.filelock: Ensuring FileLock released: /home/kkhamitov/git/ydb-wlmq/~/.ya/snowden/v1/locks/2026_09_09_09_27_03_u8tt1gzz
2026-09-09 09:28:03,161 DEBUG library.python.filelock: Ensuring FileLock released: /home/kkhamitov/git/ydb-wlmq/~/.ya/snowden/v1/locks/2026_09_09_09_27_03_u8tt1gzz
2026-09-09 09:29:03,170 DEBUG library.python.filelock: Acquiring FileLock (blocking=True): /home/kkhamitov/git/ydb-wlmq/~/.ya/snowden/v1/locks/2026_09_09_09_29_03_cuw21wf4
2026-09-09 09:29:03,171 DEBUG library.python.filelock: Ensuring FileLock released: /home/kkhamitov/git/ydb-wlmq/~/.ya/snowden/v1/locks/2026_09_09_09_28_03_crrkwm32
2026-09-09 09:29:03,171 DEBUG library.python.filelock: Ensuring FileLock released: /home/kkhamitov/git/ydb-wlmq/~/.ya/snowden/v1/locks/2026_09_09_09_28_03_crrkwm32
2026-09-09 09:30:03,180 DEBUG library.python.filelock: Acquiring FileLock (blocking=True): /home/kkhamitov/git/ydb-wlmq/~/.ya/snowden/v1/locks/2026_09_09_09_30_03_0c9g7t31
2026-09-09 09:30:03,181 DEBUG library.python.filelock: Ensuring FileLock released: /home/kkhamitov/git/ydb-wlmq/~/.ya/snowden/v1/locks/2026_09_09_09_29_03_cuw21wf4
2026-09-09 09:30:03,181 DEBUG library.python.filelock: Ensuring FileLock released: /home/kkhamitov/git/ydb-wlmq/~/.ya/snowden/v1/locks/2026_09_09_09_29_03_cuw21wf4
2026-09-09 09:31:03,190 DEBUG library.python.filelock: Acquiring FileLock (blocking=True): /home/kkhamitov/git/ydb-wlmq/~/.ya/snowden/v1/locks/2026_09_09_09_31_03_749te3bx
2026-09-09 09:31:03,191 DEBUG library.python.filelock: Ensuring FileLock released: /home/kkhamitov/git/ydb-wlmq/~/.ya/snowden/v1/locks/2026_09_09_09_30_03_0c9g7t31
2026-09-09 09:31:03,191 DEBUG library.python.filelock: Ensuring FileLock released: /home/kkhamitov/git/ydb-wlmq/~/.ya/snowden/v1/locks/2026_09_09_09_30_03_0c9g7t31
2026-09-09 09:32:03,200 DEBUG library.python.filelock: Acquiring FileLock (blocking=True): /home/kkhamitov/git/ydb-wlmq/~/.ya/snowden/v1/locks/2026_09_09_09_32_03_ky8cvzb3
2026-09-09 09:32:03,201 DEBUG library.python.filelock: Ensuring FileLock released: /home/kkhamitov/git/ydb-wlmq/~/.ya/snowden/v1/locks/2026_09_09_09_31_03_749te3bx
2026-09-09 09:32:03,201 DEBUG library.python.filelock: Ensuring FileLock released: /home/kkhamitov/git/ydb-wlmq/~/.ya/snowden/v1/locks/2026_09_09_09_31_03_749te3bx
2026-09-09 09:33:03,210 DEBUG library.python.filelock: Acquiring FileLock (blocking=True): /home/kkhamitov/git/ydb-wlmq/~/.ya/snowden/v1/locks/2026_09_09_09_33_03_zhxtjqwq
2026-09-09 09:33:03,210 DEBUG library.python.filelock: Ensuring FileLock released: /home/kkhamitov/git/ydb-wlmq/~/.ya/snowden/v1/locks/2026_09_09_09_32_03_ky8cvzb3
2026-09-09 09:33:03,210 DEBUG library.python.filelock: Ensuring FileLock released: /home/kkhamitov/git/ydb-wlmq/~/.ya/snowden/v1/locks/2026_09_09_09_32_03_ky8cvzb3
2026-09-09 09:34:03,219 DEBUG library.python.filelock: Acquiring FileLock (blocking=True): /home/kkhamitov/git/ydb-wlmq/~/.ya/snowden/v1/locks/2026_09_09_09_34_03_ptwg4x7k
2026-09-09 09:34:03,219 DEBUG library.python.filelock: Ensuring FileLock released: /home/kkhamitov/git/ydb-wlmq/~/.ya/snowden/v1/locks/2026_09_09_09_33_03_zhxtjqwq
2026-09-09 09:34:03,219 DEBUG library.python.filelock: Ensuring FileLock released: /home/kkhamitov/git/ydb-wlmq/~/.ya/snowden/v1/locks/2026_09_09_09_33_03_zhxtjqwq
2026-09-09 09:35:03,228 DEBUG library.python.filelock: Acquiring FileLock (blocking=True): /home/kkhamitov/git/ydb-wlmq/~/.ya/snowden/v1/locks/2026_09_09_09_35_03_82hef6y7
2026-09-09 09:35:03,229 DEBUG library.python.filelock: Ensuring FileLock released: /home/kkhamitov/git/ydb-wlmq/~/.ya/snowden/v1/locks/2026_09_09_09_34_03_ptwg4x7k
2026-09-09 09:35:03,229 DEBUG library.python.filelock: Ensuring FileLock released: /home/kkhamitov/git/ydb-wlmq/~/.ya/snowden/v1/locks/2026_09_09_09_34_03_ptwg4x7k
2026-09-09 09:36:03,238 DEBUG library.python.filelock: Acquiring FileLock (blocking=True): /home/kkhamitov/git/ydb-wlmq/~/.ya/snowden/v1/locks/2026_09_09_09_36_03_691zfkdt
2026-09-09 09:36:03,239 DEBUG library.python.filelock: Ensuring FileLock released: /home/kkhamitov/git/ydb-wlmq/~/.ya/snowden/v1/locks/2026_09_09_09_35_03_82hef6y7
2026-09-09 09:36:03,239 DEBUG library.python.filelock: Ensuring FileLock released: /home/kkhamitov/git/ydb-wlmq/~/.ya/snowden/v1/locks/2026_09_09_09_35_03_82hef6y7
2026-09-09 09:37:03,248 DEBUG library.python.filelock: Acquiring FileLock (blocking=True): /home/kkhamitov/git/ydb-wlmq/~/.ya/snowden/v1/locks/2026_09_09_09_37_03_0b3yrqoc
2026-09-09 09:37:03,248 DEBUG library.python.filelock: Ensuring FileLock released: /home/kkhamitov/git/ydb-wlmq/~/.ya/snowden/v1/locks/2026_09_09_09_36_03_691zfkdt
2026-09-09 09:37:03,248 DEBUG library.python.filelock: Ensuring FileLock released: /home/kkhamitov/git/ydb-wlmq/~/.ya/snowden/v1/locks/2026_09_09_09_36_03_691zfkdt
2026-09-09 09:38:03,259 DEBUG library.python.filelock: Acquiring FileLock (blocking=True): /home/kkhamitov/git/ydb-wlmq/~/.ya/snowden/v1/locks/2026_09_09_09_38_03_vfj2t00h
2026-09-09 09:38:03,260 DEBUG library.python.filelock: Ensuring FileLock released: /home/kkhamitov/git/ydb-wlmq/~/.ya/snowden/v1/locks/2026_09_09_09_37_03_0b3yrqoc
2026-09-09 09:38:03,260 DEBUG library.python.filelock: Ensuring FileLock released: /home/kkhamitov/git/ydb-wlmq/~/.ya/snowden/v1/locks/2026_09_09_09_37_03_0b3yrqoc
2026-09-09 09:39:03,270 DEBUG library.python.filelock: Acquiring FileLock (blocking=True): /home/kkhamitov/git/ydb-wlmq/~/.ya/snowden/v1/locks/2026_09_09_09_39_03_if0lvg90
2026-09-09 09:39:03,271 DEBUG library.python.filelock: Ensuring FileLock released: /home/kkhamitov/git/ydb-wlmq/~/.ya/snowden/v1/locks/2026_09_09_09_38_03_vfj2t00h
2026-09-09 09:39:03,271 DEBUG library.python.filelock: Ensuring FileLock released: /home/kkhamitov/git/ydb-wlmq/~/.ya/snowden/v1/locks/2026_09_09_09_38_03_vfj2t00h
2026-09-09 09:40:03,281 DEBUG library.python.filelock: Acquiring FileLock (blocking=True): /home/kkhamitov/git/ydb-wlmq/~/.ya/snowden/v1/locks/2026_09_09_09_40_03_o9smnxa9
2026-09-09 09:40:03,282 DEBUG library.python.filelock: Ensuring FileLock released: /home/kkhamitov/git/ydb-wlmq/~/.ya/snowden/v1/locks/2026_09_09_09_39_03_if0lvg90
2026-09-09 09:40:03,282 DEBUG library.python.filelock: Ensuring FileLock released: /home/kkhamitov/git/ydb-wlmq/~/.ya/snowden/v1/locks/2026_09_09_09_39_03_if0lvg90
2026-09-09 09:41:03,291 DEBUG library.python.filelock: Acquiring FileLock (blocking=True): /home/kkhamitov/git/ydb-wlmq/~/.ya/snowden/v1/locks/2026_09_09_09_41_03_pi4dsvfd
2026-09-09 09:41:03,292 DEBUG library.python.filelock: Ensuring FileLock released: /home/kkhamitov/git/ydb-wlmq/~/.ya/snowden/v1/locks/2026_09_09_09_40_03_o9smnxa9
2026-09-09 09:41:03,292 DEBUG library.python.filelock: Ensuring FileLock released: /home/kkhamitov/git/ydb-wlmq/~/.ya/snowden/v1/locks/2026_09_09_09_40_03_o9smnxa9
2026-09-09 09:42:03,308 DEBUG library.python.filelock: Acquiring FileLock (blocking=True): /home/kkhamitov/git/ydb-wlmq/~/.ya/snowden/v1/locks/2026_09_09_09_42_03_gqg1u00z
2026-09-09 09:42:03,309 DEBUG library.python.filelock: Ensuring FileLock released: /home/kkhamitov/git/ydb-wlmq/~/.ya/snowden/v1/locks/2026_09_09_09_41_03_pi4dsvfd
2026-09-09 09:42:03,309 DEBUG library.python.filelock: Ensuring FileLock released: /home/kkhamitov/git/ydb-wlmq/~/.ya/snowden/v1/locks/2026_09_09_09_41_03_pi4dsvfd
2026-09-09 09:43:03,358 DEBUG library.python.filelock: Acquiring FileLock (blocking=True): /home/kkhamitov/git/ydb-wlmq/~/.ya/snowden/v1/locks/2026_09_09_09_43_03_8gvce1ts
2026-09-09 09:43:03,359 DEBUG library.python.filelock: Ensuring FileLock released: /home/kkhamitov/git/ydb-wlmq/~/.ya/snowden/v1/locks/2026_09_09_09_42_03_gqg1u00z
2026-09-09 09:43:03,359 DEBUG library.python.filelock: Ensuring FileLock released: /home/kkhamitov/git/ydb-wlmq/~/.ya/snowden/v1/locks/2026_09_09_09_42_03_gqg1u00z
2026-09-09 09:44:03,367 DEBUG library.python.filelock: Acquiring FileLock (blocking=True): /home/kkhamitov/git/ydb-wlmq/~/.ya/snowden/v1/locks/2026_09_09_09_44_03_otc2tmux
2026-09-09 09:44:03,368 DEBUG library.python.filelock: Ensuring FileLock released: /home/kkhamitov/git/ydb-wlmq/~/.ya/snowden/v1/locks/2026_09_09_09_43_03_8gvce1ts
2026-09-09 09:44:03,368 DEBUG library.python.filelock: Ensuring FileLock released: /home/kkhamitov/git/ydb-wlmq/~/.ya/snowden/v1/locks/2026_09_09_09_43_03_8gvce1ts
2026-09-09 09:45:03,417 DEBUG library.python.filelock: Acquiring FileLock (blocking=True): /home/kkhamitov/git/ydb-wlmq/~/.ya/snowden/v1/locks/2026_09_09_09_45_03_r1e2c5vg
2026-09-09 09:45:03,418 DEBUG library.python.filelock: Ensuring FileLock released: /home/kkhamitov/git/ydb-wlmq/~/.ya/snowden/v1/locks/2026_09_09_09_44_03_otc2tmux
2026-09-09 09:45:03,418 DEBUG library.python.filelock: Ensuring FileLock released: /home/kkhamitov/git/ydb-wlmq/~/.ya/snowden/v1/locks/2026_09_09_09_44_03_otc2tmux
2026-09-09 09:46:03,427 DEBUG library.python.filelock: Acquiring FileLock (blocking=True): /home/kkhamitov/git/ydb-wlmq/~/.ya/snowden/v1/locks/2026_09_09_09_46_03_mcwpj9ee
2026-09-09 09:46:03,428 DEBUG library.python.filelock: Ensuring FileLock released: /home/kkhamitov/git/ydb-wlmq/~/.ya/snowden/v1/locks/2026_09_09_09_45_03_r1e2c5vg
2026-09-09 09:46:03,428 DEBUG library.python.filelock: Ensuring FileLock released: /home/kkhamitov/git/ydb-wlmq/~/.ya/snowden/v1/locks/2026_09_09_09_45_03_r1e2c5vg
2026-09-09 09:47:03,438 DEBUG library.python.filelock: Acquiring FileLock (blocking=True): /home/kkhamitov/git/ydb-wlmq/~/.ya/snowden/v1/locks/2026_09_09_09_47_03_kael7oa5
2026-09-09 09:47:03,438 DEBUG library.python.filelock: Ensuring FileLock released: /home/kkhamitov/git/ydb-wlmq/~/.ya/snowden/v1/locks/2026_09_09_09_46_03_mcwpj9ee
2026-09-09 09:47:03,438 DEBUG library.python.filelock: Ensuring FileLock released: /home/kkhamitov/git/ydb-wlmq/~/.ya/snowden/v1/locks/2026_09_09_09_46_03_mcwpj9ee
2026-09-09 09:48:03,448 DEBUG library.python.filelock: Acquiring FileLock (blocking=True): /home/kkhamitov/git/ydb-wlmq/~/.ya/snowden/v1/locks/2026_09_09_09_48_03_fh2enror
2026-09-09 09:48:03,448 DEBUG library.python.filelock: Ensuring FileLock released: /home/kkhamitov/git/ydb-wlmq/~/.ya/snowden/v1/locks/2026_09_09_09_47_03_kael7oa5
2026-09-09 09:48:03,449 DEBUG library.python.filelock: Ensuring FileLock released: /home/kkhamitov/git/ydb-wlmq/~/.ya/snowden/v1/locks/2026_09_09_09_47_03_kael7oa5
2026-09-09 09:49:03,462 DEBUG library.python.filelock: Acquiring FileLock (blocking=True): /home/kkhamitov/git/ydb-wlmq/~/.ya/snowden/v1/locks/2026_09_09_09_49_03_rjv4qwvd
2026-09-09 09:49:03,462 DEBUG library.python.filelock: Ensuring FileLock released: /home/kkhamitov/git/ydb-wlmq/~/.ya/snowden/v1/locks/2026_09_09_09_48_03_fh2enror
2026-09-09 09:49:03,463 DEBUG library.python.filelock: Ensuring FileLock released: /home/kkhamitov/git/ydb-wlmq/~/.ya/snowden/v1/locks/2026_09_09_09_48_03_fh2enror
2026-09-09 09:50:03,479 DEBUG library.python.filelock: Acquiring FileLock (blocking=True): /home/kkhamitov/git/ydb-wlmq/~/.ya/snowden/v1/locks/2026_09_09_09_50_03_7ujts7we
2026-09-09 09:50:03,479 DEBUG library.python.filelock: Ensuring FileLock released: /home/kkhamitov/git/ydb-wlmq/~/.ya/snowden/v1/locks/2026_09_09_09_49_03_rjv4qwvd
2026-09-09 09:50:03,480 DEBUG library.python.filelock: Ensuring FileLock released: /home/kkhamitov/git/ydb-wlmq/~/.ya/snowden/v1/locks/2026_09_09_09_49_03_rjv4qwvd
2026-09-09 09:51:03,491 DEBUG library.python.filelock: Acquiring FileLock (blocking=True): /home/kkhamitov/git/ydb-wlmq/~/.ya/snowden/v1/locks/2026_09_09_09_51_03_e6wczb4r
2026-09-09 09:51:03,492 DEBUG library.python.filelock: Ensuring FileLock released: /home/kkhamitov/git/ydb-wlmq/~/.ya/snowden/v1/locks/2026_09_09_09_50_03_7ujts7we
2026-09-09 09:51:03,492 DEBUG library.python.filelock: Ensuring FileLock released: /home/kkhamitov/git/ydb-wlmq/~/.ya/snowden/v1/locks/2026_09_09_09_50_03_7ujts7we
2026-09-09 09:52:03,512 DEBUG library.python.filelock: Acquiring FileLock (blocking=True): /home/kkhamitov/git/ydb-wlmq/~/.ya/snowden/v1/locks/2026_09_09_09_52_03_bdhe4gg8
2026-09-09 09:52:03,515 DEBUG library.python.filelock: Ensuring FileLock released: /home/kkhamitov/git/ydb-wlmq/~/.ya/snowden/v1/locks/2026_09_09_09_51_03_e6wczb4r
2026-09-09 09:52:03,515 DEBUG library.python.filelock: Ensuring FileLock released: /home/kkhamitov/git/ydb-wlmq/~/.ya/snowden/v1/locks/2026_09_09_09_51_03_e6wczb4r
2026-09-09 09:53:03,529 DEBUG library.python.filelock: Acquiring FileLock (blocking=True): /home/kkhamitov/git/ydb-wlmq/~/.ya/snowden/v1/locks/2026_09_09_09_53_03_pkjceiw5
2026-09-09 09:53:03,529 DEBUG library.python.filelock: Ensuring FileLock released: /home/kkhamitov/git/ydb-wlmq/~/.ya/snowden/v1/locks/2026_09_09_09_52_03_bdhe4gg8
2026-09-09 09:53:03,530 DEBUG library.python.filelock: Ensuring FileLock released: /home/kkhamitov/git/ydb-wlmq/~/.ya/snowden/v1/locks/2026_09_09_09_52_03_bdhe4gg8
2026-09-09 09:54:03,551 DEBUG library.python.filelock: Acquiring FileLock (blocking=True): /home/kkhamitov/git/ydb-wlmq/~/.ya/snowden/v1/locks/2026_09_09_09_54_03_qxb9k26r
2026-09-09 09:54:03,551 DEBUG library.python.filelock: Ensuring FileLock released: /home/kkhamitov/git/ydb-wlmq/~/.ya/snowden/v1/locks/2026_09_09_09_53_03_pkjceiw5
2026-09-09 09:54:03,551 DEBUG library.python.filelock: Ensuring FileLock released: /home/kkhamitov/git/ydb-wlmq/~/.ya/snowden/v1/locks/2026_09_09_09_53_03_pkjceiw5
2026-09-09 09:55:03,562 DEBUG library.python.filelock: Acquiring FileLock (blocking=True): /home/kkhamitov/git/ydb-wlmq/~/.ya/snowden/v1/locks/2026_09_09_09_55_03_3xr32bfu
2026-09-09 09:55:03,563 DEBUG library.python.filelock: Ensuring FileLock released: /home/kkhamitov/git/ydb-wlmq/~/.ya/snowden/v1/locks/2026_09_09_09_54_03_qxb9k26r
2026-09-09 09:55:03,563 DEBUG library.python.filelock: Ensuring FileLock released: /home/kkhamitov/git/ydb-wlmq/~/.ya/snowden/v1/locks/2026_09_09_09_54_03_qxb9k26r
2026-09-09 09:56:03,573 DEBUG library.python.filelock: Acquiring FileLock (blocking=True): /home/kkhamitov/git/ydb-wlmq/~/.ya/snowden/v1/locks/2026_09_09_09_56_03_z79rjgny
2026-09-09 09:56:03,573 DEBUG library.python.filelock: Ensuring FileLock released: /home/kkhamitov/git/ydb-wlmq/~/.ya/snowden/v1/locks/2026_09_09_09_55_03_3xr32bfu
2026-09-09 09:56:03,573 DEBUG library.python.filelock: Ensuring FileLock released: /home/kkhamitov/git/ydb-wlmq/~/.ya/snowden/v1/locks/2026_09_09_09_55_03_3xr32bfu
2026-09-09 09:57:03,582 DEBUG library.python.filelock: Acquiring FileLock (blocking=True): /home/kkhamitov/git/ydb-wlmq/~/.ya/snowden/v1/locks/2026_09_09_09_57_03_fjk5bzyp
2026-09-09 09:57:03,583 DEBUG library.python.filelock: Ensuring FileLock released: /home/kkhamitov/git/ydb-wlmq/~/.ya/snowden/v1/locks/2026_09_09_09_56_03_z79rjgny
2026-09-09 09:57:03,583 DEBUG library.python.filelock: Ensuring FileLock released: /home/kkhamitov/git/ydb-wlmq/~/.ya/snowden/v1/locks/2026_09_09_09_56_03_z79rjgny
2026-09-09 09:58:03,593 DEBUG library.python.filelock: Acquiring FileLock (blocking=True): /home/kkhamitov/git/ydb-wlmq/~/.ya/snowden/v1/locks/2026_09_09_09_58_03_b1coq9d9
2026-09-09 09:58:03,593 DEBUG library.python.filelock: Ensuring FileLock released: /home/kkhamitov/git/ydb-wlmq/~/.ya/snowden/v1/locks/2026_09_09_09_57_03_fjk5bzyp
2026-09-09 09:58:03,593 DEBUG library.python.filelock: Ensuring FileLock released: /home/kkhamitov/git/ydb-wlmq/~/.ya/snowden/v1/locks/2026_09_09_09_57_03_fjk5bzyp
2026-09-09 09:59:03,608 DEBUG library.python.filelock: Acquiring FileLock (blocking=True): /home/kkhamitov/git/ydb-wlmq/~/.ya/snowden/v1/locks/2026_09_09_09_59_03_hn7rxdgl
2026-09-09 09:59:03,608 DEBUG library.python.filelock: Ensuring FileLock released: /home/kkhamitov/git/ydb-wlmq/~/.ya/snowden/v1/locks/2026_09_09_09_58_03_b1coq9d9
2026-09-09 09:59:03,608 DEBUG library.python.filelock: Ensuring FileLock released: /home/kkhamitov/git/ydb-wlmq/~/.ya/snowden/v1/locks/2026_09_09_09_58_03_b1coq9d9
2026-09-09 10:00:03,620 DEBUG library.python.filelock: Acquiring FileLock (blocking=True): /home/kkhamitov/git/ydb-wlmq/~/.ya/snowden/v1/locks/2026_09_09_10_00_03_w6rc1uyc
2026-09-09 10:00:03,620 DEBUG library.python.filelock: Ensuring FileLock released: /home/kkhamitov/git/ydb-wlmq/~/.ya/snowden/v1/locks/2026_09_09_09_59_03_hn7rxdgl
2026-09-09 10:00:03,620 DEBUG library.python.filelock: Ensuring FileLock released: /home/kkhamitov/git/ydb-wlmq/~/.ya/snowden/v1/locks/2026_09_09_09_59_03_hn7rxdgl
2026-09-09 10:01:03,631 DEBUG library.python.filelock: Acquiring FileLock (blocking=True): /home/kkhamitov/git/ydb-wlmq/~/.ya/snowden/v1/locks/2026_09_09_10_01_03_0234i69l
2026-09-09 10:01:03,632 DEBUG library.python.filelock: Ensuring FileLock released: /home/kkhamitov/git/ydb-wlmq/~/.ya/snowden/v1/locks/2026_09_09_10_00_03_w6rc1uyc
2026-09-09 10:01:03,632 DEBUG library.python.filelock: Ensuring FileLock released: /home/kkhamitov/git/ydb-wlmq/~/.ya/snowden/v1/locks/2026_09_09_10_00_03_w6rc1uyc
2026-09-09 10:02:03,666 DEBUG library.python.filelock: Acquiring FileLock (blocking=True): /home/kkhamitov/git/ydb-wlmq/~/.ya/snowden/v1/locks/2026_09_09_10_02_03_0ao5taz8
2026-09-09 10:02:03,666 DEBUG library.python.filelock: Ensuring FileLock released: /home/kkhamitov/git/ydb-wlmq/~/.ya/snowden/v1/locks/2026_09_09_10_01_03_0234i69l
2026-09-09 10:02:03,666 DEBUG library.python.filelock: Ensuring FileLock released: /home/kkhamitov/git/ydb-wlmq/~/.ya/snowden/v1/locks/2026_09_09_10_01_03_0234i69l
2026-09-09 10:03:03,681 DEBUG library.python.filelock: Acquiring FileLock (blocking=True): /home/kkhamitov/git/ydb-wlmq/~/.ya/snowden/v1/locks/2026_09_09_10_03_03_q8xpybad
2026-09-09 10:03:03,682 DEBUG library.python.filelock: Ensuring FileLock released: /home/kkhamitov/git/ydb-wlmq/~/.ya/snowden/v1/locks/2026_09_09_10_02_03_0ao5taz8
2026-09-09 10:03:03,682 DEBUG library.python.filelock: Ensuring FileLock released: /home/kkhamitov/git/ydb-wlmq/~/.ya/snowden/v1/locks/2026_09_09_10_02_03_0ao5taz8
2026-09-09 10:04:03,712 DEBUG library.python.filelock: Acquiring FileLock (blocking=True): /home/kkhamitov/git/ydb-wlmq/~/.ya/snowden/v1/locks/2026_09_09_10_04_03_kk6vy760
2026-09-09 10:04:03,712 DEBUG library.python.filelock: Ensuring FileLock released: /home/kkhamitov/git/ydb-wlmq/~/.ya/snowden/v1/locks/2026_09_09_10_03_03_q8xpybad
2026-09-09 10:04:03,712 DEBUG library.python.filelock: Ensuring FileLock released: /home/kkhamitov/git/ydb-wlmq/~/.ya/snowden/v1/locks/2026_09_09_10_03_03_q8xpybad
2026-09-09 10:05:03,733 DEBUG library.python.filelock: Acquiring FileLock (blocking=True): /home/kkhamitov/git/ydb-wlmq/~/.ya/snowden/v1/locks/2026_09_09_10_05_03_mtroqqex
2026-09-09 10:05:03,733 DEBUG library.python.filelock: Ensuring FileLock released: /home/kkhamitov/git/ydb-wlmq/~/.ya/snowden/v1/locks/2026_09_09_10_04_03_kk6vy760
2026-09-09 10:05:03,733 DEBUG library.python.filelock: Ensuring FileLock released: /home/kkhamitov/git/ydb-wlmq/~/.ya/snowden/v1/locks/2026_09_09_10_04_03_kk6vy760
2026-09-09 10:06:03,772 DEBUG library.python.filelock: Acquiring FileLock (blocking=True): /home/kkhamitov/git/ydb-wlmq/~/.ya/snowden/v1/locks/2026_09_09_10_06_03_pttahudh
2026-09-09 10:06:03,773 DEBUG library.python.filelock: Ensuring FileLock released: /home/kkhamitov/git/ydb-wlmq/~/.ya/snowden/v1/locks/2026_09_09_10_05_03_mtroqqex
2026-09-09 10:06:03,773 DEBUG library.python.filelock: Ensuring FileLock released: /home/kkhamitov/git/ydb-wlmq/~/.ya/snowden/v1/locks/2026_09_09_10_05_03_mtroqqex
2026-09-09 10:07:03,784 DEBUG library.python.filelock: Acquiring FileLock (blocking=True): /home/kkhamitov/git/ydb-wlmq/~/.ya/snowden/v1/locks/2026_09_09_10_07_03_r1n1ytc8
2026-09-09 10:07:03,785 DEBUG library.python.filelock: Ensuring FileLock released: /home/kkhamitov/git/ydb-wlmq/~/.ya/snowden/v1/locks/2026_09_09_10_06_03_pttahudh
2026-09-09 10:07:03,785 DEBUG library.python.filelock: Ensuring FileLock released: /home/kkhamitov/git/ydb-wlmq/~/.ya/snowden/v1/locks/2026_09_09_10_06_03_pttahudh
2026-09-09 10:08:03,795 DEBUG library.python.filelock: Acquiring FileLock (blocking=True): /home/kkhamitov/git/ydb-wlmq/~/.ya/snowden/v1/locks/2026_09_09_10_08_03_fhuf7lwu
2026-09-09 10:08:03,795 DEBUG library.python.filelock: Ensuring FileLock released: /home/kkhamitov/git/ydb-wlmq/~/.ya/snowden/v1/locks/2026_09_09_10_07_03_r1n1ytc8
2026-09-09 10:08:03,795 DEBUG library.python.filelock: Ensuring FileLock released: /home/kkhamitov/git/ydb-wlmq/~/.ya/snowden/v1/locks/2026_09_09_10_07_03_r1n1ytc8
2026-09-09 10:09:03,806 DEBUG library.python.filelock: Acquiring FileLock (blocking=True): /home/kkhamitov/git/ydb-wlmq/~/.ya/snowden/v1/locks/2026_09_09_10_09_03_hmv77aeo
2026-09-09 10:09:03,807 DEBUG library.python.filelock: Ensuring FileLock released: /home/kkhamitov/git/ydb-wlmq/~/.ya/snowden/v1/locks/2026_09_09_10_08_03_fhuf7lwu
2026-09-09 10:09:03,807 DEBUG library.python.filelock: Ensuring FileLock released: /home/kkhamitov/git/ydb-wlmq/~/.ya/snowden/v1/locks/2026_09_09_10_08_03_fhuf7lwu
2026-09-09 10:10:03,839 DEBUG library.python.filelock: Acquiring FileLock (blocking=True): /home/kkhamitov/git/ydb-wlmq/~/.ya/snowden/v1/locks/2026_09_09_10_10_03_uh3j8j52
2026-09-09 10:10:03,840 DEBUG library.python.filelock: Ensuring FileLock released: /home/kkhamitov/git/ydb-wlmq/~/.ya/snowden/v1/locks/2026_09_09_10_09_03_hmv77aeo
2026-09-09 10:10:03,840 DEBUG library.python.filelock: Ensuring FileLock released: /home/kkhamitov/git/ydb-wlmq/~/.ya/snowden/v1/locks/2026_09_09_10_09_03_hmv77aeo
2026-09-09 10:11:03,849 DEBUG library.python.filelock: Acquiring FileLock (blocking=True): /home/kkhamitov/git/ydb-wlmq/~/.ya/snowden/v1/locks/2026_09_09_10_11_03_aw2bn7qf
2026-09-09 10:11:03,849 DEBUG library.python.filelock: Ensuring FileLock released: /home/kkhamitov/git/ydb-wlmq/~/.ya/snowden/v1/locks/2026_09_09_10_10_03_uh3j8j52
2026-09-09 10:11:03,849 DEBUG library.python.filelock: Ensuring FileLock released: /home/kkhamitov/git/ydb-wlmq/~/.ya/snowden/v1/locks/2026_09_09_10_10_03_uh3j8j52
2026-09-09 10:12:03,859 DEBUG library.python.filelock: Acquiring FileLock (blocking=True): /home/kkhamitov/git/ydb-wlmq/~/.ya/snowden/v1/locks/2026_09_09_10_12_03_lpo268cp
2026-09-09 10:12:03,859 DEBUG library.python.filelock: Ensuring FileLock released: /home/kkhamitov/git/ydb-wlmq/~/.ya/snowden/v1/locks/2026_09_09_10_11_03_aw2bn7qf
2026-09-09 10:12:03,859 DEBUG library.python.filelock: Ensuring FileLock released: /home/kkhamitov/git/ydb-wlmq/~/.ya/snowden/v1/locks/2026_09_09_10_11_03_aw2bn7qf
2026-09-09 10:13:03,870 DEBUG library.python.filelock: Acquiring FileLock (blocking=True): /home/kkhamitov/git/ydb-wlmq/~/.ya/snowden/v1/locks/2026_09_09_10_13_03_x51ih38d
2026-09-09 10:13:03,870 DEBUG library.python.filelock: Ensuring FileLock released: /home/kkhamitov/git/ydb-wlmq/~/.ya/snowden/v1/locks/2026_09_09_10_12_03_lpo268cp
2026-09-09 10:13:03,871 DEBUG library.python.filelock: Ensuring FileLock released: /home/kkhamitov/git/ydb-wlmq/~/.ya/snowden/v1/locks/2026_09_09_10_12_03_lpo268cp
2026-09-09 10:14:03,881 DEBUG library.python.filelock: Acquiring FileLock (blocking=True): /home/kkhamitov/git/ydb-wlmq/~/.ya/snowden/v1/locks/2026_09_09_10_14_03_khpggx1k
2026-09-09 10:14:03,882 DEBUG library.python.filelock: Ensuring FileLock released: /home/kkhamitov/git/ydb-wlmq/~/.ya/snowden/v1/locks/2026_09_09_10_13_03_x51ih38d
2026-09-09 10:14:03,882 DEBUG library.python.filelock: Ensuring FileLock released: /home/kkhamitov/git/ydb-wlmq/~/.ya/snowden/v1/locks/2026_09_09_10_13_03_x51ih38d
2026-09-09 10:15:03,892 DEBUG library.python.filelock: Acquiring FileLock (blocking=True): /home/kkhamitov/git/ydb-wlmq/~/.ya/snowden/v1/locks/2026_09_09_10_15_03_bhizwqnq
2026-09-09 10:15:03,893 DEBUG library.python.filelock: Ensuring FileLock released: /home/kkhamitov/git/ydb-wlmq/~/.ya/snowden/v1/locks/2026_09_09_10_14_03_khpggx1k
2026-09-09 10:15:03,893 DEBUG library.python.filelock: Ensuring FileLock released: /home/kkhamitov/git/ydb-wlmq/~/.ya/snowden/v1/locks/2026_09_09_10_14_03_khpggx1k
2026-09-09 10:16:03,904 DEBUG library.python.filelock: Acquiring FileLock (blocking=True): /home/kkhamitov/git/ydb-wlmq/~/.ya/snowden/v1/locks/2026_09_09_10_16_03_ffor3j2f
2026-09-09 10:16:03,904 DEBUG library.python.filelock: Ensuring FileLock released: /home/kkhamitov/git/ydb-wlmq/~/.ya/snowden/v1/locks/2026_09_09_10_15_03_bhizwqnq
2026-09-09 10:16:03,904 DEBUG library.python.filelock: Ensuring FileLock released: /home/kkhamitov/git/ydb-wlmq/~/.ya/snowden/v1/locks/2026_09_09_10_15_03_bhizwqnq
2026-09-09 10:17:03,915 DEBUG library.python.filelock: Acquiring FileLock (blocking=True): /home/kkhamitov/git/ydb-wlmq/~/.ya/snowden/v1/locks/2026_09_09_10_17_03_6dtgja4g
2026-09-09 10:17:03,915 DEBUG library.python.filelock: Ensuring FileLock released: /home/kkhamitov/git/ydb-wlmq/~/.ya/snowden/v1/locks/2026_09_09_10_16_03_ffor3j2f
2026-09-09 10:17:03,916 DEBUG library.python.filelock: Ensuring FileLock released: /home/kkhamitov/git/ydb-wlmq/~/.ya/snowden/v1/locks/2026_09_09_10_16_03_ffor3j2f
2026-09-09 10:18:03,926 DEBUG library.python.filelock: Acquiring FileLock (blocking=True): /home/kkhamitov/git/ydb-wlmq/~/.ya/snowden/v1/locks/2026_09_09_10_18_03_8xy611df
2026-09-09 10:18:03,927 DEBUG library.python.filelock: Ensuring FileLock released: /home/kkhamitov/git/ydb-wlmq/~/.ya/snowden/v1/locks/2026_09_09_10_17_03_6dtgja4g
2026-09-09 10:18:03,927 DEBUG library.python.filelock: Ensuring FileLock released: /home/kkhamitov/git/ydb-wlmq/~/.ya/snowden/v1/locks/2026_09_09_10_17_03_6dtgja4g
2026-09-09 10:19:03,938 DEBUG library.python.filelock: Acquiring FileLock (blocking=True): /home/kkhamitov/git/ydb-wlmq/~/.ya/snowden/v1/locks/2026_09_09_10_19_03_takekc1r
2026-09-09 10:19:03,938 DEBUG library.python.filelock: Ensuring FileLock released: /home/kkhamitov/git/ydb-wlmq/~/.ya/snowden/v1/locks/2026_09_09_10_18_03_8xy611df
2026-09-09 10:19:03,939 DEBUG library.python.filelock: Ensuring FileLock released: /home/kkhamitov/git/ydb-wlmq/~/.ya/snowden/v1/locks/2026_09_09_10_18_03_8xy611df
2026-09-09 10:20:03,949 DEBUG library.python.filelock: Acquiring FileLock (blocking=True): /home/kkhamitov/git/ydb-wlmq/~/.ya/snowden/v1/locks/2026_09_09_10_20_03_r3i9kpld
2026-09-09 10:20:03,950 DEBUG library.python.filelock: Ensuring FileLock released: /home/kkhamitov/git/ydb-wlmq/~/.ya/snowden/v1/locks/2026_09_09_10_19_03_takekc1r
2026-09-09 10:20:03,950 DEBUG library.python.filelock: Ensuring FileLock released: /home/kkhamitov/git/ydb-wlmq/~/.ya/snowden/v1/locks/2026_09_09_10_19_03_takekc1r
2026-09-09 10:21:03,961 DEBUG library.python.filelock: Acquiring FileLock (blocking=True): /home/kkhamitov/git/ydb-wlmq/~/.ya/snowden/v1/locks/2026_09_09_10_21_03_tu8rbrru
2026-09-09 10:21:03,961 DEBUG library.python.filelock: Ensuring FileLock released: /home/kkhamitov/git/ydb-wlmq/~/.ya/snowden/v1/locks/2026_09_09_10_20_03_r3i9kpld
2026-09-09 10:21:03,962 DEBUG library.python.filelock: Ensuring FileLock released: /home/kkhamitov/git/ydb-wlmq/~/.ya/snowden/v1/locks/2026_09_09_10_20_03_r3i9kpld
2026-09-09 10:22:03,972 DEBUG library.python.filelock: Acquiring FileLock (blocking=True): /home/kkhamitov/git/ydb-wlmq/~/.ya/snowden/v1/locks/2026_09_09_10_22_03_smirktmg
2026-09-09 10:22:03,973 DEBUG library.python.filelock: Ensuring FileLock released: /home/kkhamitov/git/ydb-wlmq/~/.ya/snowden/v1/locks/2026_09_09_10_21_03_tu8rbrru
2026-09-09 10:22:03,973 DEBUG library.python.filelock: Ensuring FileLock released: /home/kkhamitov/git/ydb-wlmq/~/.ya/snowden/v1/locks/2026_09_09_10_21_03_tu8rbrru
2026-09-09 10:23:03,984 DEBUG library.python.filelock: Acquiring FileLock (blocking=True): /home/kkhamitov/git/ydb-wlmq/~/.ya/snowden/v1/locks/2026_09_09_10_23_03_wbvb82d5
2026-09-09 10:23:03,984 DEBUG library.python.filelock: Ensuring FileLock released: /home/kkhamitov/git/ydb-wlmq/~/.ya/snowden/v1/locks/2026_09_09_10_22_03_smirktmg
2026-09-09 10:23:03,984 DEBUG library.python.filelock: Ensuring FileLock released: /home/kkhamitov/git/ydb-wlmq/~/.ya/snowden/v1/locks/2026_09_09_10_22_03_smirktmg
2026-09-09 10:24:03,995 DEBUG library.python.filelock: Acquiring FileLock (blocking=True): /home/kkhamitov/git/ydb-wlmq/~/.ya/snowden/v1/locks/2026_09_09_10_24_03_90szumwb
2026-09-09 10:24:03,995 DEBUG library.python.filelock: Ensuring FileLock released: /home/kkhamitov/git/ydb-wlmq/~/.ya/snowden/v1/locks/2026_09_09_10_23_03_wbvb82d5
2026-09-09 10:24:03,996 DEBUG library.python.filelock: Ensuring FileLock released: /home/kkhamitov/git/ydb-wlmq/~/.ya/snowden/v1/locks/2026_09_09_10_23_03_wbvb82d5
2026-09-09 10:25:04,007 DEBUG library.python.filelock: Acquiring FileLock (blocking=True): /home/kkhamitov/git/ydb-wlmq/~/.ya/snowden/v1/locks/2026_09_09_10_25_04_7y2eh712
2026-09-09 10:25:04,008 DEBUG library.python.filelock: Ensuring FileLock released: /home/kkhamitov/git/ydb-wlmq/~/.ya/snowden/v1/locks/2026_09_09_10_24_03_90szumwb
2026-09-09 10:25:04,008 DEBUG library.python.filelock: Ensuring FileLock released: /home/kkhamitov/git/ydb-wlmq/~/.ya/snowden/v1/locks/2026_09_09_10_24_03_90szumwb
2026-09-09 10:26:04,019 DEBUG library.python.filelock: Acquiring FileLock (blocking=True): /home/kkhamitov/git/ydb-wlmq/~/.ya/snowden/v1/locks/2026_09_09_10_26_04_t1p92sye
2026-09-09 10:26:04,020 DEBUG library.python.filelock: Ensuring FileLock released: /home/kkhamitov/git/ydb-wlmq/~/.ya/snowden/v1/locks/2026_09_09_10_25_04_7y2eh712
2026-09-09 10:26:04,020 DEBUG library.python.filelock: Ensuring FileLock released: /home/kkhamitov/git/ydb-wlmq/~/.ya/snowden/v1/locks/2026_09_09_10_25_04_7y2eh712
2026-09-09 10:27:04,069 DEBUG library.python.filelock: Acquiring FileLock (blocking=True): /home/kkhamitov/git/ydb-wlmq/~/.ya/snowden/v1/locks/2026_09_09_10_27_04_ktzqk505
2026-09-09 10:27:04,069 DEBUG library.python.filelock: Ensuring FileLock released: /home/kkhamitov/git/ydb-wlmq/~/.ya/snowden/v1/locks/2026_09_09_10_26_04_t1p92sye
2026-09-09 10:27:04,069 DEBUG library.python.filelock: Ensuring FileLock released: /home/kkhamitov/git/ydb-wlmq/~/.ya/snowden/v1/locks/2026_09_09_10_26_04_t1p92sye
2026-09-09 10:28:04,078 DEBUG library.python.filelock: Acquiring FileLock (blocking=True): /home/kkhamitov/git/ydb-wlmq/~/.ya/snowden/v1/locks/2026_09_09_10_28_04_rzn4b2fb
2026-09-09 10:28:04,079 DEBUG library.python.filelock: Ensuring FileLock released: /home/kkhamitov/git/ydb-wlmq/~/.ya/snowden/v1/locks/2026_09_09_10_27_04_ktzqk505
2026-09-09 10:28:04,079 DEBUG library.python.filelock: Ensuring FileLock released: /home/kkhamitov/git/ydb-wlmq/~/.ya/snowden/v1/locks/2026_09_09_10_27_04_ktzqk505
2026-09-09 10:29:04,088 DEBUG library.python.filelock: Acquiring FileLock (blocking=True): /home/kkhamitov/git/ydb-wlmq/~/.ya/snowden/v1/locks/2026_09_09_10_29_04_gr7ykg3o
2026-09-09 10:29:04,088 DEBUG library.python.filelock: Ensuring FileLock released: /home/kkhamitov/git/ydb-wlmq/~/.ya/snowden/v1/locks/2026_09_09_10_28_04_rzn4b2fb
2026-09-09 10:29:04,089 DEBUG library.python.filelock: Ensuring FileLock released: /home/kkhamitov/git/ydb-wlmq/~/.ya/snowden/v1/locks/2026_09_09_10_28_04_rzn4b2fb
2026-09-09 10:30:04,097 DEBUG library.python.filelock: Acquiring FileLock (blocking=True): /home/kkhamitov/git/ydb-wlmq/~/.ya/snowden/v1/locks/2026_09_09_10_30_04_k3d5qokf
2026-09-09 10:30:04,098 DEBUG library.python.filelock: Ensuring FileLock released: /home/kkhamitov/git/ydb-wlmq/~/.ya/snowden/v1/locks/2026_09_09_10_29_04_gr7ykg3o
2026-09-09 10:30:04,098 DEBUG library.python.filelock: Ensuring FileLock released: /home/kkhamitov/git/ydb-wlmq/~/.ya/snowden/v1/locks/2026_09_09_10_29_04_gr7ykg3o
2026-09-09 10:31:04,110 DEBUG library.python.filelock: Acquiring FileLock (blocking=True): /home/kkhamitov/git/ydb-wlmq/~/.ya/snowden/v1/locks/2026_09_09_10_31_04_pj4modg5
2026-09-09 10:31:04,110 DEBUG library.python.filelock: Ensuring FileLock released: /home/kkhamitov/git/ydb-wlmq/~/.ya/snowden/v1/locks/2026_09_09_10_30_04_k3d5qokf
2026-09-09 10:31:04,110 DEBUG library.python.filelock: Ensuring FileLock released: /home/kkhamitov/git/ydb-wlmq/~/.ya/snowden/v1/locks/2026_09_09_10_30_04_k3d5qokf
2026-09-09 10:32:04,129 DEBUG library.python.filelock: Acquiring FileLock (blocking=True): /home/kkhamitov/git/ydb-wlmq/~/.ya/snowden/v1/locks/2026_09_09_10_32_04_9pslkj4d
2026-09-09 10:32:04,129 DEBUG library.python.filelock: Ensuring FileLock released: /home/kkhamitov/git/ydb-wlmq/~/.ya/snowden/v1/locks/2026_09_09_10_31_04_pj4modg5
2026-09-09 10:32:04,130 DEBUG library.python.filelock: Ensuring FileLock released: /home/kkhamitov/git/ydb-wlmq/~/.ya/snowden/v1/locks/2026_09_09_10_31_04_pj4modg5
2026-09-09 10:33:04,139 DEBUG library.python.filelock: Acquiring FileLock (blocking=True): /home/kkhamitov/git/ydb-wlmq/~/.ya/snowden/v1/locks/2026_09_09_10_33_04_9oj5wxu2
2026-09-09 10:33:04,139 DEBUG library.python.filelock: Ensuring FileLock released: /home/kkhamitov/git/ydb-wlmq/~/.ya/snowden/v1/locks/2026_09_09_10_32_04_9pslkj4d
2026-09-09 10:33:04,139 DEBUG library.python.filelock: Ensuring FileLock released: /home/kkhamitov/git/ydb-wlmq/~/.ya/snowden/v1/locks/2026_09_09_10_32_04_9pslkj4d
2026-09-09 10:34:04,149 DEBUG library.python.filelock: Acquiring FileLock (blocking=True): /home/kkhamitov/git/ydb-wlmq/~/.ya/snowden/v1/locks/2026_09_09_10_34_04_vg60kqkm
2026-09-09 10:34:04,149 DEBUG library.python.filelock: Ensuring FileLock released: /home/kkhamitov/git/ydb-wlmq/~/.ya/snowden/v1/locks/2026_09_09_10_33_04_9oj5wxu2
2026-09-09 10:34:04,150 DEBUG library.python.filelock: Ensuring FileLock released: /home/kkhamitov/git/ydb-wlmq/~/.ya/snowden/v1/locks/2026_09_09_10_33_04_9oj5wxu2
2026-09-09 10:35:04,158 DEBUG library.python.filelock: Acquiring FileLock (blocking=True): /home/kkhamitov/git/ydb-wlmq/~/.ya/snowden/v1/locks/2026_09_09_10_35_04_dnn9cu8v
2026-09-09 10:35:04,159 DEBUG library.python.filelock: Ensuring FileLock released: /home/kkhamitov/git/ydb-wlmq/~/.ya/snowden/v1/locks/2026_09_09_10_34_04_vg60kqkm
2026-09-09 10:35:04,159 DEBUG library.python.filelock: Ensuring FileLock released: /home/kkhamitov/git/ydb-wlmq/~/.ya/snowden/v1/locks/2026_09_09_10_34_04_vg60kqkm
2026-09-09 10:36:04,168 DEBUG library.python.filelock: Acquiring FileLock (blocking=True): /home/kkhamitov/git/ydb-wlmq/~/.ya/snowden/v1/locks/2026_09_09_10_36_04_ywbtnn0q
2026-09-09 10:36:04,168 DEBUG library.python.filelock: Ensuring FileLock released: /home/kkhamitov/git/ydb-wlmq/~/.ya/snowden/v1/locks/2026_09_09_10_35_04_dnn9cu8v
2026-09-09 10:36:04,169 DEBUG library.python.filelock: Ensuring FileLock released: /home/kkhamitov/git/ydb-wlmq/~/.ya/snowden/v1/locks/2026_09_09_10_35_04_dnn9cu8v
2026-09-09 10:37:04,178 DEBUG library.python.filelock: Acquiring FileLock (blocking=True): /home/kkhamitov/git/ydb-wlmq/~/.ya/snowden/v1/locks/2026_09_09_10_37_04_8mmihc9k
2026-09-09 10:37:04,178 DEBUG library.python.filelock: Ensuring FileLock released: /home/kkhamitov/git/ydb-wlmq/~/.ya/snowden/v1/locks/2026_09_09_10_36_04_ywbtnn0q
2026-09-09 10:37:04,179 DEBUG library.python.filelock: Ensuring FileLock released: /home/kkhamitov/git/ydb-wlmq/~/.ya/snowden/v1/locks/2026_09_09_10_36_04_ywbtnn0q
2026-09-09 10:38:04,188 DEBUG library.python.filelock: Acquiring FileLock (blocking=True): /home/kkhamitov/git/ydb-wlmq/~/.ya/snowden/v1/locks/2026_09_09_10_38_04_stelj0q0
2026-09-09 10:38:04,188 DEBUG library.python.filelock: Ensuring FileLock released: /home/kkhamitov/git/ydb-wlmq/~/.ya/snowden/v1/locks/2026_09_09_10_37_04_8mmihc9k
2026-09-09 10:38:04,188 DEBUG library.python.filelock: Ensuring FileLock released: /home/kkhamitov/git/ydb-wlmq/~/.ya/snowden/v1/locks/2026_09_09_10_37_04_8mmihc9k
2026-09-09 10:39:04,198 DEBUG library.python.filelock: Acquiring FileLock (blocking=True): /home/kkhamitov/git/ydb-wlmq/~/.ya/snowden/v1/locks/2026_09_09_10_39_04_jl86jn5j
2026-09-09 10:39:04,198 DEBUG library.python.filelock: Ensuring FileLock released: /home/kkhamitov/git/ydb-wlmq/~/.ya/snowden/v1/locks/2026_09_09_10_38_04_stelj0q0
2026-09-09 10:39:04,199 DEBUG library.python.filelock: Ensuring FileLock released: /home/kkhamitov/git/ydb-wlmq/~/.ya/snowden/v1/locks/2026_09_09_10_38_04_stelj0q0
2026-09-09 10:40:04,208 DEBUG library.python.filelock: Acquiring FileLock (blocking=True): /home/kkhamitov/git/ydb-wlmq/~/.ya/snowden/v1/locks/2026_09_09_10_40_04_elqo3h6y
2026-09-09 10:40:04,208 DEBUG library.python.filelock: Ensuring FileLock released: /home/kkhamitov/git/ydb-wlmq/~/.ya/snowden/v1/locks/2026_09_09_10_39_04_jl86jn5j
2026-09-09 10:40:04,209 DEBUG library.python.filelock: Ensuring FileLock released: /home/kkhamitov/git/ydb-wlmq/~/.ya/snowden/v1/locks/2026_09_09_10_39_04_jl86jn5j
2026-09-09 10:41:04,218 DEBUG library.python.filelock: Acquiring FileLock (blocking=True): /home/kkhamitov/git/ydb-wlmq/~/.ya/snowden/v1/locks/2026_09_09_10_41_04_ahp5tapg
2026-09-09 10:41:04,218 DEBUG library.python.filelock: Ensuring FileLock released: /home/kkhamitov/git/ydb-wlmq/~/.ya/snowden/v1/locks/2026_09_09_10_40_04_elqo3h6y
2026-09-09 10:41:04,219 DEBUG library.python.filelock: Ensuring FileLock released: /home/kkhamitov/git/ydb-wlmq/~/.ya/snowden/v1/locks/2026_09_09_10_40_04_elqo3h6y
2026-09-09 10:42:04,228 DEBUG library.python.filelock: Acquiring FileLock (blocking=True): /home/kkhamitov/git/ydb-wlmq/~/.ya/snowden/v1/locks/2026_09_09_10_42_04_ccd96aiw
2026-09-09 10:42:04,228 DEBUG library.python.filelock: Ensuring FileLock released: /home/kkhamitov/git/ydb-wlmq/~/.ya/snowden/v1/locks/2026_09_09_10_41_04_ahp5tapg
2026-09-09 10:42:04,229 DEBUG library.python.filelock: Ensuring FileLock released: /home/kkhamitov/git/ydb-wlmq/~/.ya/snowden/v1/locks/2026_09_09_10_41_04_ahp5tapg
2026-09-09 10:43:04,238 DEBUG library.python.filelock: Acquiring FileLock (blocking=True): /home/kkhamitov/git/ydb-wlmq/~/.ya/snowden/v1/locks/2026_09_09_10_43_04_v6n4h9oc
2026-09-09 10:43:04,238 DEBUG library.python.filelock: Ensuring FileLock released: /home/kkhamitov/git/ydb-wlmq/~/.ya/snowden/v1/locks/2026_09_09_10_42_04_ccd96aiw
2026-09-09 10:43:04,238 DEBUG library.python.filelock: Ensuring FileLock released: /home/kkhamitov/git/ydb-wlmq/~/.ya/snowden/v1/locks/2026_09_09_10_42_04_ccd96aiw
2026-09-09 10:44:04,247 DEBUG library.python.filelock: Acquiring FileLock (blocking=True): /home/kkhamitov/git/ydb-wlmq/~/.ya/snowden/v1/locks/2026_09_09_10_44_04_0e7f415r
2026-09-09 10:44:04,248 DEBUG library.python.filelock: Ensuring FileLock released: /home/kkhamitov/git/ydb-wlmq/~/.ya/snowden/v1/locks/2026_09_09_10_43_04_v6n4h9oc
2026-09-09 10:44:04,248 DEBUG library.python.filelock: Ensuring FileLock released: /home/kkhamitov/git/ydb-wlmq/~/.ya/snowden/v1/locks/2026_09_09_10_43_04_v6n4h9oc
2026-09-09 10:45:04,257 DEBUG library.python.filelock: Acquiring FileLock (blocking=True): /home/kkhamitov/git/ydb-wlmq/~/.ya/snowden/v1/locks/2026_09_09_10_45_04_fpu8kis1
2026-09-09 10:45:04,258 DEBUG library.python.filelock: Ensuring FileLock released: /home/kkhamitov/git/ydb-wlmq/~/.ya/snowden/v1/locks/2026_09_09_10_44_04_0e7f415r
2026-09-09 10:45:04,258 DEBUG library.python.filelock: Ensuring FileLock released: /home/kkhamitov/git/ydb-wlmq/~/.ya/snowden/v1/locks/2026_09_09_10_44_04_0e7f415r
2026-09-09 10:46:04,267 DEBUG library.python.filelock: Acquiring FileLock (blocking=True): /home/kkhamitov/git/ydb-wlmq/~/.ya/snowden/v1/locks/2026_09_09_10_46_04_ozjra7c4
2026-09-09 10:46:04,268 DEBUG library.python.filelock: Ensuring FileLock released: /home/kkhamitov/git/ydb-wlmq/~/.ya/snowden/v1/locks/2026_09_09_10_45_04_fpu8kis1
2026-09-09 10:46:04,268 DEBUG library.python.filelock: Ensuring FileLock released: /home/kkhamitov/git/ydb-wlmq/~/.ya/snowden/v1/locks/2026_09_09_10_45_04_fpu8kis1
2026-09-09 10:47:04,277 DEBUG library.python.filelock: Acquiring FileLock (blocking=True): /home/kkhamitov/git/ydb-wlmq/~/.ya/snowden/v1/locks/2026_09_09_10_47_04_qilkrj9e
2026-09-09 10:47:04,277 DEBUG library.python.filelock: Ensuring FileLock released: /home/kkhamitov/git/ydb-wlmq/~/.ya/snowden/v1/locks/2026_09_09_10_46_04_ozjra7c4
2026-09-09 10:47:04,278 DEBUG library.python.filelock: Ensuring FileLock released: /home/kkhamitov/git/ydb-wlmq/~/.ya/snowden/v1/locks/2026_09_09_10_46_04_ozjra7c4
2026-09-09 10:48:04,287 DEBUG library.python.filelock: Acquiring FileLock (blocking=True): /home/kkhamitov/git/ydb-wlmq/~/.ya/snowden/v1/locks/2026_09_09_10_48_04_tkkder5x
2026-09-09 10:48:04,287 DEBUG library.python.filelock: Ensuring FileLock released: /home/kkhamitov/git/ydb-wlmq/~/.ya/snowden/v1/locks/2026_09_09_10_47_04_qilkrj9e
2026-09-09 10:48:04,287 DEBUG library.python.filelock: Ensuring FileLock released: /home/kkhamitov/git/ydb-wlmq/~/.ya/snowden/v1/locks/2026_09_09_10_47_04_qilkrj9e
2026-09-09 10:49:04,297 DEBUG library.python.filelock: Acquiring FileLock (blocking=True): /home/kkhamitov/git/ydb-wlmq/~/.ya/snowden/v1/locks/2026_09_09_10_49_04_qu1e4owd
2026-09-09 10:49:04,297 DEBUG library.python.filelock: Ensuring FileLock released: /home/kkhamitov/git/ydb-wlmq/~/.ya/snowden/v1/locks/2026_09_09_10_48_04_tkkder5x
2026-09-09 10:49:04,297 DEBUG library.python.filelock: Ensuring FileLock released: /home/kkhamitov/git/ydb-wlmq/~/.ya/snowden/v1/locks/2026_09_09_10_48_04_tkkder5x
2026-09-09 10:50:04,307 DEBUG library.python.filelock: Acquiring FileLock (blocking=True): /home/kkhamitov/git/ydb-wlmq/~/.ya/snowden/v1/locks/2026_09_09_10_50_04_sm76pd55
2026-09-09 10:50:04,308 DEBUG library.python.filelock: Ensuring FileLock released: /home/kkhamitov/git/ydb-wlmq/~/.ya/snowden/v1/locks/2026_09_09_10_49_04_qu1e4owd
2026-09-09 10:50:04,308 DEBUG library.python.filelock: Ensuring FileLock released: /home/kkhamitov/git/ydb-wlmq/~/.ya/snowden/v1/locks/2026_09_09_10_49_04_qu1e4owd
2026-09-09 10:51:04,317 DEBUG library.python.filelock: Acquiring FileLock (blocking=True): /home/kkhamitov/git/ydb-wlmq/~/.ya/snowden/v1/locks/2026_09_09_10_51_04_8f5oawef
2026-09-09 10:51:04,318 DEBUG library.python.filelock: Ensuring FileLock released: /home/kkhamitov/git/ydb-wlmq/~/.ya/snowden/v1/locks/2026_09_09_10_50_04_sm76pd55
2026-09-09 10:51:04,318 DEBUG library.python.filelock: Ensuring FileLock released: /home/kkhamitov/git/ydb-wlmq/~/.ya/snowden/v1/locks/2026_09_09_10_50_04_sm76pd55
2026-09-09 10:52:04,353 DEBUG library.python.filelock: Acquiring FileLock (blocking=True): /home/kkhamitov/git/ydb-wlmq/~/.ya/snowden/v1/locks/2026_09_09_10_52_04_py3kqo8g
2026-09-09 10:52:04,353 DEBUG library.python.filelock: Ensuring FileLock released: /home/kkhamitov/git/ydb-wlmq/~/.ya/snowden/v1/locks/2026_09_09_10_51_04_8f5oawef
2026-09-09 10:52:04,353 DEBUG library.python.filelock: Ensuring FileLock released: /home/kkhamitov/git/ydb-wlmq/~/.ya/snowden/v1/locks/2026_09_09_10_51_04_8f5oawef
2026-09-09 10:53:04,363 DEBUG library.python.filelock: Acquiring FileLock (blocking=True): /home/kkhamitov/git/ydb-wlmq/~/.ya/snowden/v1/locks/2026_09_09_10_53_04_llslmd19
2026-09-09 10:53:04,363 DEBUG library.python.filelock: Ensuring FileLock released: /home/kkhamitov/git/ydb-wlmq/~/.ya/snowden/v1/locks/2026_09_09_10_52_04_py3kqo8g
2026-09-09 10:53:04,363 DEBUG library.python.filelock: Ensuring FileLock released: /home/kkhamitov/git/ydb-wlmq/~/.ya/snowden/v1/locks/2026_09_09_10_52_04_py3kqo8g
2026-09-09 10:54:04,373 DEBUG library.python.filelock: Acquiring FileLock (blocking=True): /home/kkhamitov/git/ydb-wlmq/~/.ya/snowden/v1/locks/2026_09_09_10_54_04_ia3o0wl7
2026-09-09 10:54:04,373 DEBUG library.python.filelock: Ensuring FileLock released: /home/kkhamitov/git/ydb-wlmq/~/.ya/snowden/v1/locks/2026_09_09_10_53_04_llslmd19
2026-09-09 10:54:04,373 DEBUG library.python.filelock: Ensuring FileLock released: /home/kkhamitov/git/ydb-wlmq/~/.ya/snowden/v1/locks/2026_09_09_10_53_04_llslmd19
2026-09-09 10:55:04,383 DEBUG library.python.filelock: Acquiring FileLock (blocking=True): /home/kkhamitov/git/ydb-wlmq/~/.ya/snowden/v1/locks/2026_09_09_10_55_04_1lctvn15
2026-09-09 10:55:04,383 DEBUG library.python.filelock: Ensuring FileLock released: /home/kkhamitov/git/ydb-wlmq/~/.ya/snowden/v1/locks/2026_09_09_10_54_04_ia3o0wl7
2026-09-09 10:55:04,383 DEBUG library.python.filelock: Ensuring FileLock released: /home/kkhamitov/git/ydb-wlmq/~/.ya/snowden/v1/locks/2026_09_09_10_54_04_ia3o0wl7
2026-09-09 10:56:04,393 DEBUG library.python.filelock: Acquiring FileLock (blocking=True): /home/kkhamitov/git/ydb-wlmq/~/.ya/snowden/v1/locks/2026_09_09_10_56_04_ezj9256l
2026-09-09 10:56:04,393 DEBUG library.python.filelock: Ensuring FileLock released: /home/kkhamitov/git/ydb-wlmq/~/.ya/snowden/v1/locks/2026_09_09_10_55_04_1lctvn15
2026-09-09 10:56:04,393 DEBUG library.python.filelock: Ensuring FileLock released: /home/kkhamitov/git/ydb-wlmq/~/.ya/snowden/v1/locks/2026_09_09_10_55_04_1lctvn15
2026-09-09 10:57:04,403 DEBUG library.python.filelock: Acquiring FileLock (blocking=True): /home/kkhamitov/git/ydb-wlmq/~/.ya/snowden/v1/locks/2026_09_09_10_57_04_xxkicpmc
2026-09-09 10:57:04,404 DEBUG library.python.filelock: Ensuring FileLock released: /home/kkhamitov/git/ydb-wlmq/~/.ya/snowden/v1/locks/2026_09_09_10_56_04_ezj9256l
2026-09-09 10:57:04,404 DEBUG library.python.filelock: Ensuring FileLock released: /home/kkhamitov/git/ydb-wlmq/~/.ya/snowden/v1/locks/2026_09_09_10_56_04_ezj9256l
2026-09-09 10:58:04,459 DEBUG library.python.filelock: Acquiring FileLock (blocking=True): /home/kkhamitov/git/ydb-wlmq/~/.ya/snowden/v1/locks/2026_09_09_10_58_04_qodsn9oj
2026-09-09 10:58:04,460 DEBUG library.python.filelock: Ensuring FileLock released: /home/kkhamitov/git/ydb-wlmq/~/.ya/snowden/v1/locks/2026_09_09_10_57_04_xxkicpmc
2026-09-09 10:58:04,460 DEBUG library.python.filelock: Ensuring FileLock released: /home/kkhamitov/git/ydb-wlmq/~/.ya/snowden/v1/locks/2026_09_09_10_57_04_xxkicpmc
2026-09-09 10:59:04,469 DEBUG library.python.filelock: Acquiring FileLock (blocking=True): /home/kkhamitov/git/ydb-wlmq/~/.ya/snowden/v1/locks/2026_09_09_10_59_04_8jph3xuw
2026-09-09 10:59:04,470 DEBUG library.python.filelock: Ensuring FileLock released: /home/kkhamitov/git/ydb-wlmq/~/.ya/snowden/v1/locks/2026_09_09_10_58_04_qodsn9oj
2026-09-09 10:59:04,470 DEBUG library.python.filelock: Ensuring FileLock released: /home/kkhamitov/git/ydb-wlmq/~/.ya/snowden/v1/locks/2026_09_09_10_58_04_qodsn9oj
2026-09-09 11:00:04,479 DEBUG library.python.filelock: Acquiring FileLock (blocking=True): /home/kkhamitov/git/ydb-wlmq/~/.ya/snowden/v1/locks/2026_09_09_11_00_04_3m5x5en3
2026-09-09 11:00:04,480 DEBUG library.python.filelock: Ensuring FileLock released: /home/kkhamitov/git/ydb-wlmq/~/.ya/snowden/v1/locks/2026_09_09_10_59_04_8jph3xuw
2026-09-09 11:00:04,480 DEBUG library.python.filelock: Ensuring FileLock released: /home/kkhamitov/git/ydb-wlmq/~/.ya/snowden/v1/locks/2026_09_09_10_59_04_8jph3xuw
2026-09-09 11:01:04,489 DEBUG library.python.filelock: Acquiring FileLock (blocking=True): /home/kkhamitov/git/ydb-wlmq/~/.ya/snowden/v1/locks/2026_09_09_11_01_04_h4muofdm
2026-09-09 11:01:04,490 DEBUG library.python.filelock: Ensuring FileLock released: /home/kkhamitov/git/ydb-wlmq/~/.ya/snowden/v1/locks/2026_09_09_11_00_04_3m5x5en3
2026-09-09 11:01:04,490 DEBUG library.python.filelock: Ensuring FileLock released: /home/kkhamitov/git/ydb-wlmq/~/.ya/snowden/v1/locks/2026_09_09_11_00_04_3m5x5en3
2026-09-09 11:02:04,499 DEBUG library.python.filelock: Acquiring FileLock (blocking=True): /home/kkhamitov/git/ydb-wlmq/~/.ya/snowden/v1/locks/2026_09_09_11_02_04_mj26anpw
2026-09-09 11:02:04,500 DEBUG library.python.filelock: Ensuring FileLock released: /home/kkhamitov/git/ydb-wlmq/~/.ya/snowden/v1/locks/2026_09_09_11_01_04_h4muofdm
2026-09-09 11:02:04,500 DEBUG library.python.filelock: Ensuring FileLock released: /home/kkhamitov/git/ydb-wlmq/~/.ya/snowden/v1/locks/2026_09_09_11_01_04_h4muofdm
2026-09-09 11:03:04,509 DEBUG library.python.filelock: Acquiring FileLock (blocking=True): /home/kkhamitov/git/ydb-wlmq/~/.ya/snowden/v1/locks/2026_09_09_11_03_04_3528ac5z
2026-09-09 11:03:04,510 DEBUG library.python.filelock: Ensuring FileLock released: /home/kkhamitov/git/ydb-wlmq/~/.ya/snowden/v1/locks/2026_09_09_11_02_04_mj26anpw
2026-09-09 11:03:04,510 DEBUG library.python.filelock: Ensuring FileLock released: /home/kkhamitov/git/ydb-wlmq/~/.ya/snowden/v1/locks/2026_09_09_11_02_04_mj26anpw
2026-09-09 11:04:04,519 DEBUG library.python.filelock: Acquiring FileLock (blocking=True): /home/kkhamitov/git/ydb-wlmq/~/.ya/snowden/v1/locks/2026_09_09_11_04_04_5pwvv3xy
2026-09-09 11:04:04,520 DEBUG library.python.filelock: Ensuring FileLock released: /home/kkhamitov/git/ydb-wlmq/~/.ya/snowden/v1/locks/2026_09_09_11_03_04_3528ac5z
2026-09-09 11:04:04,520 DEBUG library.python.filelock: Ensuring FileLock released: /home/kkhamitov/git/ydb-wlmq/~/.ya/snowden/v1/locks/2026_09_09_11_03_04_3528ac5z
2026-09-09 11:05:04,529 DEBUG library.python.filelock: Acquiring FileLock (blocking=True): /home/kkhamitov/git/ydb-wlmq/~/.ya/snowden/v1/locks/2026_09_09_11_05_04_1wnpiodx
2026-09-09 11:05:04,530 DEBUG library.python.filelock: Ensuring FileLock released: /home/kkhamitov/git/ydb-wlmq/~/.ya/snowden/v1/locks/2026_09_09_11_04_04_5pwvv3xy
2026-09-09 11:05:04,530 DEBUG library.python.filelock: Ensuring FileLock released: /home/kkhamitov/git/ydb-wlmq/~/.ya/snowden/v1/locks/2026_09_09_11_04_04_5pwvv3xy
2026-09-09 11:06:04,539 DEBUG library.python.filelock: Acquiring FileLock (blocking=True): /home/kkhamitov/git/ydb-wlmq/~/.ya/snowden/v1/locks/2026_09_09_11_06_04_89hwssn3
2026-09-09 11:06:04,539 DEBUG library.python.filelock: Ensuring FileLock released: /home/kkhamitov/git/ydb-wlmq/~/.ya/snowden/v1/locks/2026_09_09_11_05_04_1wnpiodx
2026-09-09 11:06:04,539 DEBUG library.python.filelock: Ensuring FileLock released: /home/kkhamitov/git/ydb-wlmq/~/.ya/snowden/v1/locks/2026_09_09_11_05_04_1wnpiodx
2026-09-09 11:07:04,548 DEBUG library.python.filelock: Acquiring FileLock (blocking=True): /home/kkhamitov/git/ydb-wlmq/~/.ya/snowden/v1/locks/2026_09_09_11_07_04_s0iftaz8
2026-09-09 11:07:04,549 DEBUG library.python.filelock: Ensuring FileLock released: /home/kkhamitov/git/ydb-wlmq/~/.ya/snowden/v1/locks/2026_09_09_11_06_04_89hwssn3
2026-09-09 11:07:04,549 DEBUG library.python.filelock: Ensuring FileLock released: /home/kkhamitov/git/ydb-wlmq/~/.ya/snowden/v1/locks/2026_09_09_11_06_04_89hwssn3
2026-09-09 11:08:04,558 DEBUG library.python.filelock: Acquiring FileLock (blocking=True): /home/kkhamitov/git/ydb-wlmq/~/.ya/snowden/v1/locks/2026_09_09_11_08_04_u1oba4gu
2026-09-09 11:08:04,558 DEBUG library.python.filelock: Ensuring FileLock released: /home/kkhamitov/git/ydb-wlmq/~/.ya/snowden/v1/locks/2026_09_09_11_07_04_s0iftaz8
2026-09-09 11:08:04,558 DEBUG library.python.filelock: Ensuring FileLock released: /home/kkhamitov/git/ydb-wlmq/~/.ya/snowden/v1/locks/2026_09_09_11_07_04_s0iftaz8
2026-09-09 11:09:04,567 DEBUG library.python.filelock: Acquiring FileLock (blocking=True): /home/kkhamitov/git/ydb-wlmq/~/.ya/snowden/v1/locks/2026_09_09_11_09_04_pvehl8im
2026-09-09 11:09:04,567 DEBUG library.python.filelock: Ensuring FileLock released: /home/kkhamitov/git/ydb-wlmq/~/.ya/snowden/v1/locks/2026_09_09_11_08_04_u1oba4gu
2026-09-09 11:09:04,567 DEBUG library.python.filelock: Ensuring FileLock released: /home/kkhamitov/git/ydb-wlmq/~/.ya/snowden/v1/locks/2026_09_09_11_08_04_u1oba4gu
2026-09-09 11:10:04,576 DEBUG library.python.filelock: Acquiring FileLock (blocking=True): /home/kkhamitov/git/ydb-wlmq/~/.ya/snowden/v1/locks/2026_09_09_11_10_04_g9f254w1
2026-09-09 11:10:04,576 DEBUG library.python.filelock: Ensuring FileLock released: /home/kkhamitov/git/ydb-wlmq/~/.ya/snowden/v1/locks/2026_09_09_11_09_04_pvehl8im
2026-09-09 11:10:04,576 DEBUG library.python.filelock: Ensuring FileLock released: /home/kkhamitov/git/ydb-wlmq/~/.ya/snowden/v1/locks/2026_09_09_11_09_04_pvehl8im
2026-09-09 11:11:04,585 DEBUG library.python.filelock: Acquiring FileLock (blocking=True): /home/kkhamitov/git/ydb-wlmq/~/.ya/snowden/v1/locks/2026_09_09_11_11_04_sz5xgibv
2026-09-09 11:11:04,585 DEBUG library.python.filelock: Ensuring FileLock released: /home/kkhamitov/git/ydb-wlmq/~/.ya/snowden/v1/locks/2026_09_09_11_10_04_g9f254w1
2026-09-09 11:11:04,586 DEBUG library.python.filelock: Ensuring FileLock released: /home/kkhamitov/git/ydb-wlmq/~/.ya/snowden/v1/locks/2026_09_09_11_10_04_g9f254w1
2026-09-09 11:12:04,594 DEBUG library.python.filelock: Acquiring FileLock (blocking=True): /home/kkhamitov/git/ydb-wlmq/~/.ya/snowden/v1/locks/2026_09_09_11_12_04_60mwirrp
2026-09-09 11:12:04,595 DEBUG library.python.filelock: Ensuring FileLock released: /home/kkhamitov/git/ydb-wlmq/~/.ya/snowden/v1/locks/2026_09_09_11_11_04_sz5xgibv
2026-09-09 11:12:04,595 DEBUG library.python.filelock: Ensuring FileLock released: /home/kkhamitov/git/ydb-wlmq/~/.ya/snowden/v1/locks/2026_09_09_11_11_04_sz5xgibv
2026-09-09 11:13:04,604 DEBUG library.python.filelock: Acquiring FileLock (blocking=True): /home/kkhamitov/git/ydb-wlmq/~/.ya/snowden/v1/locks/2026_09_09_11_13_04_89x0u8jf
2026-09-09 11:13:04,605 DEBUG library.python.filelock: Ensuring FileLock released: /home/kkhamitov/git/ydb-wlmq/~/.ya/snowden/v1/locks/2026_09_09_11_12_04_60mwirrp
2026-09-09 11:13:04,605 DEBUG library.python.filelock: Ensuring FileLock released: /home/kkhamitov/git/ydb-wlmq/~/.ya/snowden/v1/locks/2026_09_09_11_12_04_60mwirrp
2026-09-09 11:14:04,614 DEBUG library.python.filelock: Acquiring FileLock (blocking=True): /home/kkhamitov/git/ydb-wlmq/~/.ya/snowden/v1/locks/2026_09_09_11_14_04_3ok9mxzb
2026-09-09 11:14:04,615 DEBUG library.python.filelock: Ensuring FileLock released: /home/kkhamitov/git/ydb-wlmq/~/.ya/snowden/v1/locks/2026_09_09_11_13_04_89x0u8jf
2026-09-09 11:14:04,615 DEBUG library.python.filelock: Ensuring FileLock released: /home/kkhamitov/git/ydb-wlmq/~/.ya/snowden/v1/locks/2026_09_09_11_13_04_89x0u8jf
2026-09-09 11:15:04,625 DEBUG library.python.filelock: Acquiring FileLock (blocking=True): /home/kkhamitov/git/ydb-wlmq/~/.ya/snowden/v1/locks/2026_09_09_11_15_04_00l4ytos
2026-09-09 11:15:04,626 DEBUG library.python.filelock: Ensuring FileLock released: /home/kkhamitov/git/ydb-wlmq/~/.ya/snowden/v1/locks/2026_09_09_11_14_04_3ok9mxzb
2026-09-09 11:15:04,626 DEBUG library.python.filelock: Ensuring FileLock released: /home/kkhamitov/git/ydb-wlmq/~/.ya/snowden/v1/locks/2026_09_09_11_14_04_3ok9mxzb
2026-09-09 11:16:04,638 DEBUG library.python.filelock: Acquiring FileLock (blocking=True): /home/kkhamitov/git/ydb-wlmq/~/.ya/snowden/v1/locks/2026_09_09_11_16_04_f8qeey91
2026-09-09 11:16:04,638 DEBUG library.python.filelock: Ensuring FileLock released: /home/kkhamitov/git/ydb-wlmq/~/.ya/snowden/v1/locks/2026_09_09_11_15_04_00l4ytos
2026-09-09 11:16:04,639 DEBUG library.python.filelock: Ensuring FileLock released: /home/kkhamitov/git/ydb-wlmq/~/.ya/snowden/v1/locks/2026_09_09_11_15_04_00l4ytos
2026-09-09 11:17:04,647 DEBUG library.python.filelock: Acquiring FileLock (blocking=True): /home/kkhamitov/git/ydb-wlmq/~/.ya/snowden/v1/locks/2026_09_09_11_17_04_0lcpe2oo
2026-09-09 11:17:04,648 DEBUG library.python.filelock: Ensuring FileLock released: /home/kkhamitov/git/ydb-wlmq/~/.ya/snowden/v1/locks/2026_09_09_11_16_04_f8qeey91
2026-09-09 11:17:04,648 DEBUG library.python.filelock: Ensuring FileLock released: /home/kkhamitov/git/ydb-wlmq/~/.ya/snowden/v1/locks/2026_09_09_11_16_04_f8qeey91
2026-09-09 11:18:04,657 DEBUG library.python.filelock: Acquiring FileLock (blocking=True): /home/kkhamitov/git/ydb-wlmq/~/.ya/snowden/v1/locks/2026_09_09_11_18_04_je11168i
2026-09-09 11:18:04,658 DEBUG library.python.filelock: Ensuring FileLock released: /home/kkhamitov/git/ydb-wlmq/~/.ya/snowden/v1/locks/2026_09_09_11_17_04_0lcpe2oo
2026-09-09 11:18:04,658 DEBUG library.python.filelock: Ensuring FileLock released: /home/kkhamitov/git/ydb-wlmq/~/.ya/snowden/v1/locks/2026_09_09_11_17_04_0lcpe2oo
2026-09-09 11:19:04,667 DEBUG library.python.filelock: Acquiring FileLock (blocking=True): /home/kkhamitov/git/ydb-wlmq/~/.ya/snowden/v1/locks/2026_09_09_11_19_04_pnt7aq8e
2026-09-09 11:19:04,668 DEBUG library.python.filelock: Ensuring FileLock released: /home/kkhamitov/git/ydb-wlmq/~/.ya/snowden/v1/locks/2026_09_09_11_18_04_je11168i
2026-09-09 11:19:04,668 DEBUG library.python.filelock: Ensuring FileLock released: /home/kkhamitov/git/ydb-wlmq/~/.ya/snowden/v1/locks/2026_09_09_11_18_04_je11168i
2026-09-09 11:20:04,678 DEBUG library.python.filelock: Acquiring FileLock (blocking=True): /home/kkhamitov/git/ydb-wlmq/~/.ya/snowden/v1/locks/2026_09_09_11_20_04_zic5utzs
2026-09-09 11:20:04,678 DEBUG library.python.filelock: Ensuring FileLock released: /home/kkhamitov/git/ydb-wlmq/~/.ya/snowden/v1/locks/2026_09_09_11_19_04_pnt7aq8e
2026-09-09 11:20:04,678 DEBUG library.python.filelock: Ensuring FileLock released: /home/kkhamitov/git/ydb-wlmq/~/.ya/snowden/v1/locks/2026_09_09_11_19_04_pnt7aq8e
2026-09-09 11:21:04,687 DEBUG library.python.filelock: Acquiring FileLock (blocking=True): /home/kkhamitov/git/ydb-wlmq/~/.ya/snowden/v1/locks/2026_09_09_11_21_04_e19nugf0
2026-09-09 11:21:04,687 DEBUG library.python.filelock: Ensuring FileLock released: /home/kkhamitov/git/ydb-wlmq/~/.ya/snowden/v1/locks/2026_09_09_11_20_04_zic5utzs
2026-09-09 11:21:04,687 DEBUG library.python.filelock: Ensuring FileLock released: /home/kkhamitov/git/ydb-wlmq/~/.ya/snowden/v1/locks/2026_09_09_11_20_04_zic5utzs
2026-09-09 11:22:04,697 DEBUG library.python.filelock: Acquiring FileLock (blocking=True): /home/kkhamitov/git/ydb-wlmq/~/.ya/snowden/v1/locks/2026_09_09_11_22_04_fiq6p58w
2026-09-09 11:22:04,697 DEBUG library.python.filelock: Ensuring FileLock released: /home/kkhamitov/git/ydb-wlmq/~/.ya/snowden/v1/locks/2026_09_09_11_21_04_e19nugf0
2026-09-09 11:22:04,698 DEBUG library.python.filelock: Ensuring FileLock released: /home/kkhamitov/git/ydb-wlmq/~/.ya/snowden/v1/locks/2026_09_09_11_21_04_e19nugf0
2026-09-09 11:23:04,707 DEBUG library.python.filelock: Acquiring FileLock (blocking=True): /home/kkhamitov/git/ydb-wlmq/~/.ya/snowden/v1/locks/2026_09_09_11_23_04_79ne1f2m
2026-09-09 11:23:04,708 DEBUG library.python.filelock: Ensuring FileLock released: /home/kkhamitov/git/ydb-wlmq/~/.ya/snowden/v1/locks/2026_09_09_11_22_04_fiq6p58w
2026-09-09 11:23:04,708 DEBUG library.python.filelock: Ensuring FileLock released: /home/kkhamitov/git/ydb-wlmq/~/.ya/snowden/v1/locks/2026_09_09_11_22_04_fiq6p58w
2026-09-09 11:24:04,717 DEBUG library.python.filelock: Acquiring FileLock (blocking=True): /home/kkhamitov/git/ydb-wlmq/~/.ya/snowden/v1/locks/2026_09_09_11_24_04_oq71y8yp
2026-09-09 11:24:04,718 DEBUG library.python.filelock: Ensuring FileLock released: /home/kkhamitov/git/ydb-wlmq/~/.ya/snowden/v1/locks/2026_09_09_11_23_04_79ne1f2m
2026-09-09 11:24:04,718 DEBUG library.python.filelock: Ensuring FileLock released: /home/kkhamitov/git/ydb-wlmq/~/.ya/snowden/v1/locks/2026_09_09_11_23_04_79ne1f2m
2026-09-09 11:25:04,729 DEBUG library.python.filelock: Acquiring FileLock (blocking=True): /home/kkhamitov/git/ydb-wlmq/~/.ya/snowden/v1/locks/2026_09_09_11_25_04_cp6j19v2
2026-09-09 11:25:04,730 DEBUG library.python.filelock: Ensuring FileLock released: /home/kkhamitov/git/ydb-wlmq/~/.ya/snowden/v1/locks/2026_09_09_11_24_04_oq71y8yp
2026-09-09 11:25:04,730 DEBUG library.python.filelock: Ensuring FileLock released: /home/kkhamitov/git/ydb-wlmq/~/.ya/snowden/v1/locks/2026_09_09_11_24_04_oq71y8yp
2026-09-09 11:26:04,739 DEBUG library.python.filelock: Acquiring FileLock (blocking=True): /home/kkhamitov/git/ydb-wlmq/~/.ya/snowden/v1/locks/2026_09_09_11_26_04_ag0wte5a
2026-09-09 11:26:04,739 DEBUG library.python.filelock: Ensuring FileLock released: /home/kkhamitov/git/ydb-wlmq/~/.ya/snowden/v1/locks/2026_09_09_11_25_04_cp6j19v2
2026-09-09 11:26:04,739 DEBUG library.python.filelock: Ensuring FileLock released: /home/kkhamitov/git/ydb-wlmq/~/.ya/snowden/v1/locks/2026_09_09_11_25_04_cp6j19v2
2026-09-09 11:27:04,752 DEBUG library.python.filelock: Acquiring FileLock (blocking=True): /home/kkhamitov/git/ydb-wlmq/~/.ya/snowden/v1/locks/2026_09_09_11_27_04_gf44q8ya
2026-09-09 11:27:04,753 DEBUG library.python.filelock: Ensuring FileLock released: /home/kkhamitov/git/ydb-wlmq/~/.ya/snowden/v1/locks/2026_09_09_11_26_04_ag0wte5a
2026-09-09 11:27:04,753 DEBUG library.python.filelock: Ensuring FileLock released: /home/kkhamitov/git/ydb-wlmq/~/.ya/snowden/v1/locks/2026_09_09_11_26_04_ag0wte5a
2026-09-09 11:28:04,774 DEBUG library.python.filelock: Acquiring FileLock (blocking=True): /home/kkhamitov/git/ydb-wlmq/~/.ya/snowden/v1/locks/2026_09_09_11_28_04_e7yjl0sn
2026-09-09 11:28:04,774 DEBUG library.python.filelock: Ensuring FileLock released: /home/kkhamitov/git/ydb-wlmq/~/.ya/snowden/v1/locks/2026_09_09_11_27_04_gf44q8ya
2026-09-09 11:28:04,774 DEBUG library.python.filelock: Ensuring FileLock released: /home/kkhamitov/git/ydb-wlmq/~/.ya/snowden/v1/locks/2026_09_09_11_27_04_gf44q8ya
2026-09-09 11:29:04,784 DEBUG library.python.filelock: Acquiring FileLock (blocking=True): /home/kkhamitov/git/ydb-wlmq/~/.ya/snowden/v1/locks/2026_09_09_11_29_04_ks5avc7i
2026-09-09 11:29:04,785 DEBUG library.python.filelock: Ensuring FileLock released: /home/kkhamitov/git/ydb-wlmq/~/.ya/snowden/v1/locks/2026_09_09_11_28_04_e7yjl0sn
2026-09-09 11:29:04,785 DEBUG library.python.filelock: Ensuring FileLock released: /home/kkhamitov/git/ydb-wlmq/~/.ya/snowden/v1/locks/2026_09_09_11_28_04_e7yjl0sn
2026-09-09 11:30:04,796 DEBUG library.python.filelock: Acquiring FileLock (blocking=True): /home/kkhamitov/git/ydb-wlmq/~/.ya/snowden/v1/locks/2026_09_09_11_30_04_qr4ke136
2026-09-09 11:30:04,796 DEBUG library.python.filelock: Ensuring FileLock released: /home/kkhamitov/git/ydb-wlmq/~/.ya/snowden/v1/locks/2026_09_09_11_29_04_ks5avc7i
2026-09-09 11:30:04,796 DEBUG library.python.filelock: Ensuring FileLock released: /home/kkhamitov/git/ydb-wlmq/~/.ya/snowden/v1/locks/2026_09_09_11_29_04_ks5avc7i
2026-09-09 11:31:04,808 DEBUG library.python.filelock: Acquiring FileLock (blocking=True): /home/kkhamitov/git/ydb-wlmq/~/.ya/snowden/v1/locks/2026_09_09_11_31_04_qnozli3w
2026-09-09 11:31:04,808 DEBUG library.python.filelock: Ensuring FileLock released: /home/kkhamitov/git/ydb-wlmq/~/.ya/snowden/v1/locks/2026_09_09_11_30_04_qr4ke136
2026-09-09 11:31:04,808 DEBUG library.python.filelock: Ensuring FileLock released: /home/kkhamitov/git/ydb-wlmq/~/.ya/snowden/v1/locks/2026_09_09_11_30_04_qr4ke136
2026-09-09 11:32:04,820 DEBUG library.python.filelock: Acquiring FileLock (blocking=True): /home/kkhamitov/git/ydb-wlmq/~/.ya/snowden/v1/locks/2026_09_09_11_32_04_v0rdndz4
2026-09-09 11:32:04,820 DEBUG library.python.filelock: Ensuring FileLock released: /home/kkhamitov/git/ydb-wlmq/~/.ya/snowden/v1/locks/2026_09_09_11_31_04_qnozli3w
2026-09-09 11:32:04,820 DEBUG library.python.filelock: Ensuring FileLock released: /home/kkhamitov/git/ydb-wlmq/~/.ya/snowden/v1/locks/2026_09_09_11_31_04_qnozli3w
2026-09-09 11:33:04,831 DEBUG library.python.filelock: Acquiring FileLock (blocking=True): /home/kkhamitov/git/ydb-wlmq/~/.ya/snowden/v1/locks/2026_09_09_11_33_04_785k3qzu
2026-09-09 11:33:04,831 DEBUG library.python.filelock: Ensuring FileLock released: /home/kkhamitov/git/ydb-wlmq/~/.ya/snowden/v1/locks/2026_09_09_11_32_04_v0rdndz4
2026-09-09 11:33:04,832 DEBUG library.python.filelock: Ensuring FileLock released: /home/kkhamitov/git/ydb-wlmq/~/.ya/snowden/v1/locks/2026_09_09_11_32_04_v0rdndz4
2026-09-09 11:34:04,842 DEBUG library.python.filelock: Acquiring FileLock (blocking=True): /home/kkhamitov/git/ydb-wlmq/~/.ya/snowden/v1/locks/2026_09_09_11_34_04_tbh53kcr
2026-09-09 11:34:04,843 DEBUG library.python.filelock: Ensuring FileLock released: /home/kkhamitov/git/ydb-wlmq/~/.ya/snowden/v1/locks/2026_09_09_11_33_04_785k3qzu
2026-09-09 11:34:04,843 DEBUG library.python.filelock: Ensuring FileLock released: /home/kkhamitov/git/ydb-wlmq/~/.ya/snowden/v1/locks/2026_09_09_11_33_04_785k3qzu
2026-09-09 11:35:04,854 DEBUG library.python.filelock: Acquiring FileLock (blocking=True): /home/kkhamitov/git/ydb-wlmq/~/.ya/snowden/v1/locks/2026_09_09_11_35_04_9yr8hjsr
2026-09-09 11:35:04,854 DEBUG library.python.filelock: Ensuring FileLock released: /home/kkhamitov/git/ydb-wlmq/~/.ya/snowden/v1/locks/2026_09_09_11_34_04_tbh53kcr
2026-09-09 11:35:04,854 DEBUG library.python.filelock: Ensuring FileLock released: /home/kkhamitov/git/ydb-wlmq/~/.ya/snowden/v1/locks/2026_09_09_11_34_04_tbh53kcr
2026-09-09 11:36:04,865 DEBUG library.python.filelock: Acquiring FileLock (blocking=True): /home/kkhamitov/git/ydb-wlmq/~/.ya/snowden/v1/locks/2026_09_09_11_36_04_mkk6hlfb
2026-09-09 11:36:04,865 DEBUG library.python.filelock: Ensuring FileLock released: /home/kkhamitov/git/ydb-wlmq/~/.ya/snowden/v1/locks/2026_09_09_11_35_04_9yr8hjsr
2026-09-09 11:36:04,865 DEBUG library.python.filelock: Ensuring FileLock released: /home/kkhamitov/git/ydb-wlmq/~/.ya/snowden/v1/locks/2026_09_09_11_35_04_9yr8hjsr
2026-09-09 11:37:04,876 DEBUG library.python.filelock: Acquiring FileLock (blocking=True): /home/kkhamitov/git/ydb-wlmq/~/.ya/snowden/v1/locks/2026_09_09_11_37_04_uaf9pmd3
2026-09-09 11:37:04,876 DEBUG library.python.filelock: Ensuring FileLock released: /home/kkhamitov/git/ydb-wlmq/~/.ya/snowden/v1/locks/2026_09_09_11_36_04_mkk6hlfb
2026-09-09 11:37:04,877 DEBUG library.python.filelock: Ensuring FileLock released: /home/kkhamitov/git/ydb-wlmq/~/.ya/snowden/v1/locks/2026_09_09_11_36_04_mkk6hlfb
2026-09-09 11:38:04,887 DEBUG library.python.filelock: Acquiring FileLock (blocking=True): /home/kkhamitov/git/ydb-wlmq/~/.ya/snowden/v1/locks/2026_09_09_11_38_04_x6kh52rq
2026-09-09 11:38:04,888 DEBUG library.python.filelock: Ensuring FileLock released: /home/kkhamitov/git/ydb-wlmq/~/.ya/snowden/v1/locks/2026_09_09_11_37_04_uaf9pmd3
2026-09-09 11:38:04,888 DEBUG library.python.filelock: Ensuring FileLock released: /home/kkhamitov/git/ydb-wlmq/~/.ya/snowden/v1/locks/2026_09_09_11_37_04_uaf9pmd3
2026-09-09 11:39:04,899 DEBUG library.python.filelock: Acquiring FileLock (blocking=True): /home/kkhamitov/git/ydb-wlmq/~/.ya/snowden/v1/locks/2026_09_09_11_39_04_eoxq96pg
2026-09-09 11:39:04,899 DEBUG library.python.filelock: Ensuring FileLock released: /home/kkhamitov/git/ydb-wlmq/~/.ya/snowden/v1/locks/2026_09_09_11_38_04_x6kh52rq
2026-09-09 11:39:04,900 DEBUG library.python.filelock: Ensuring FileLock released: /home/kkhamitov/git/ydb-wlmq/~/.ya/snowden/v1/locks/2026_09_09_11_38_04_x6kh52rq
2026-09-09 11:40:04,910 DEBUG library.python.filelock: Acquiring FileLock (blocking=True): /home/kkhamitov/git/ydb-wlmq/~/.ya/snowden/v1/locks/2026_09_09_11_40_04_xqbbo1hn
2026-09-09 11:40:04,911 DEBUG library.python.filelock: Ensuring FileLock released: /home/kkhamitov/git/ydb-wlmq/~/.ya/snowden/v1/locks/2026_09_09_11_39_04_eoxq96pg
2026-09-09 11:40:04,911 DEBUG library.python.filelock: Ensuring FileLock released: /home/kkhamitov/git/ydb-wlmq/~/.ya/snowden/v1/locks/2026_09_09_11_39_04_eoxq96pg
2026-09-09 11:41:04,922 DEBUG library.python.filelock: Acquiring FileLock (blocking=True): /home/kkhamitov/git/ydb-wlmq/~/.ya/snowden/v1/locks/2026_09_09_11_41_04_w6ig6loy
2026-09-09 11:41:04,923 DEBUG library.python.filelock: Ensuring FileLock released: /home/kkhamitov/git/ydb-wlmq/~/.ya/snowden/v1/locks/2026_09_09_11_40_04_xqbbo1hn
2026-09-09 11:41:04,923 DEBUG library.python.filelock: Ensuring FileLock released: /home/kkhamitov/git/ydb-wlmq/~/.ya/snowden/v1/locks/2026_09_09_11_40_04_xqbbo1hn
2026-09-09 11:42:04,933 DEBUG library.python.filelock: Acquiring FileLock (blocking=True): /home/kkhamitov/git/ydb-wlmq/~/.ya/snowden/v1/locks/2026_09_09_11_42_04_hoz74q3s
2026-09-09 11:42:04,933 DEBUG library.python.filelock: Ensuring FileLock released: /home/kkhamitov/git/ydb-wlmq/~/.ya/snowden/v1/locks/2026_09_09_11_41_04_w6ig6loy
2026-09-09 11:42:04,933 DEBUG library.python.filelock: Ensuring FileLock released: /home/kkhamitov/git/ydb-wlmq/~/.ya/snowden/v1/locks/2026_09_09_11_41_04_w6ig6loy
2026-09-09 11:43:04,942 DEBUG library.python.filelock: Acquiring FileLock (blocking=True): /home/kkhamitov/git/ydb-wlmq/~/.ya/snowden/v1/locks/2026_09_09_11_43_04_v8djf5i0
2026-09-09 11:43:04,943 DEBUG library.python.filelock: Ensuring FileLock released: /home/kkhamitov/git/ydb-wlmq/~/.ya/snowden/v1/locks/2026_09_09_11_42_04_hoz74q3s
2026-09-09 11:43:04,943 DEBUG library.python.filelock: Ensuring FileLock released: /home/kkhamitov/git/ydb-wlmq/~/.ya/snowden/v1/locks/2026_09_09_11_42_04_hoz74q3s
2026-09-09 11:44:04,952 DEBUG library.python.filelock: Acquiring FileLock (blocking=True): /home/kkhamitov/git/ydb-wlmq/~/.ya/snowden/v1/locks/2026_09_09_11_44_04_hkhqjuke
2026-09-09 11:44:04,953 DEBUG library.python.filelock: Ensuring FileLock released: /home/kkhamitov/git/ydb-wlmq/~/.ya/snowden/v1/locks/2026_09_09_11_43_04_v8djf5i0
2026-09-09 11:44:04,953 DEBUG library.python.filelock: Ensuring FileLock released: /home/kkhamitov/git/ydb-wlmq/~/.ya/snowden/v1/locks/2026_09_09_11_43_04_v8djf5i0
2026-09-09 11:45:04,963 DEBUG library.python.filelock: Acquiring FileLock (blocking=True): /home/kkhamitov/git/ydb-wlmq/~/.ya/snowden/v1/locks/2026_09_09_11_45_04_6u6lsivp
2026-09-09 11:45:04,964 DEBUG library.python.filelock: Ensuring FileLock released: /home/kkhamitov/git/ydb-wlmq/~/.ya/snowden/v1/locks/2026_09_09_11_44_04_hkhqjuke
2026-09-09 11:45:04,964 DEBUG library.python.filelock: Ensuring FileLock released: /home/kkhamitov/git/ydb-wlmq/~/.ya/snowden/v1/locks/2026_09_09_11_44_04_hkhqjuke
2026-09-09 11:46:04,973 DEBUG library.python.filelock: Acquiring FileLock (blocking=True): /home/kkhamitov/git/ydb-wlmq/~/.ya/snowden/v1/locks/2026_09_09_11_46_04_hrs7julq
2026-09-09 11:46:04,974 DEBUG library.python.filelock: Ensuring FileLock released: /home/kkhamitov/git/ydb-wlmq/~/.ya/snowden/v1/locks/2026_09_09_11_45_04_6u6lsivp
2026-09-09 11:46:04,974 DEBUG library.python.filelock: Ensuring FileLock released: /home/kkhamitov/git/ydb-wlmq/~/.ya/snowden/v1/locks/2026_09_09_11_45_04_6u6lsivp
2026-09-09 11:47:04,985 DEBUG library.python.filelock: Acquiring FileLock (blocking=True): /home/kkhamitov/git/ydb-wlmq/~/.ya/snowden/v1/locks/2026_09_09_11_47_04_qg8h7ds3
2026-09-09 11:47:04,985 DEBUG library.python.filelock: Ensuring FileLock released: /home/kkhamitov/git/ydb-wlmq/~/.ya/snowden/v1/locks/2026_09_09_11_46_04_hrs7julq
2026-09-09 11:47:04,986 DEBUG library.python.filelock: Ensuring FileLock released: /home/kkhamitov/git/ydb-wlmq/~/.ya/snowden/v1/locks/2026_09_09_11_46_04_hrs7julq
2026-09-09 11:48:04,998 DEBUG library.python.filelock: Acquiring FileLock (blocking=True): /home/kkhamitov/git/ydb-wlmq/~/.ya/snowden/v1/locks/2026_09_09_11_48_04_7e1qjvp0
2026-09-09 11:48:04,998 DEBUG library.python.filelock: Ensuring FileLock released: /home/kkhamitov/git/ydb-wlmq/~/.ya/snowden/v1/locks/2026_09_09_11_47_04_qg8h7ds3
2026-09-09 11:48:04,998 DEBUG library.python.filelock: Ensuring FileLock released: /home/kkhamitov/git/ydb-wlmq/~/.ya/snowden/v1/locks/2026_09_09_11_47_04_qg8h7ds3
2026-09-09 11:49:05,008 DEBUG library.python.filelock: Acquiring FileLock (blocking=True): /home/kkhamitov/git/ydb-wlmq/~/.ya/snowden/v1/locks/2026_09_09_11_49_05_p6bbfnew
2026-09-09 11:49:05,008 DEBUG library.python.filelock: Ensuring FileLock released: /home/kkhamitov/git/ydb-wlmq/~/.ya/snowden/v1/locks/2026_09_09_11_48_04_7e1qjvp0
2026-09-09 11:49:05,008 DEBUG library.python.filelock: Ensuring FileLock released: /home/kkhamitov/git/ydb-wlmq/~/.ya/snowden/v1/locks/2026_09_09_11_48_04_7e1qjvp0
2026-09-09 11:50:05,038 DEBUG library.python.filelock: Acquiring FileLock (blocking=True): /home/kkhamitov/git/ydb-wlmq/~/.ya/snowden/v1/locks/2026_09_09_11_50_05_b25lkbub
2026-09-09 11:50:05,038 DEBUG library.python.filelock: Ensuring FileLock released: /home/kkhamitov/git/ydb-wlmq/~/.ya/snowden/v1/locks/2026_09_09_11_49_05_p6bbfnew
2026-09-09 11:50:05,038 DEBUG library.python.filelock: Ensuring FileLock released: /home/kkhamitov/git/ydb-wlmq/~/.ya/snowden/v1/locks/2026_09_09_11_49_05_p6bbfnew
2026-09-09 11:51:05,048 DEBUG library.python.filelock: Acquiring FileLock (blocking=True): /home/kkhamitov/git/ydb-wlmq/~/.ya/snowden/v1/locks/2026_09_09_11_51_05_ehp7yq13
2026-09-09 11:51:05,051 DEBUG library.python.filelock: Ensuring FileLock released: /home/kkhamitov/git/ydb-wlmq/~/.ya/snowden/v1/locks/2026_09_09_11_50_05_b25lkbub
2026-09-09 11:51:05,052 DEBUG library.python.filelock: Ensuring FileLock released: /home/kkhamitov/git/ydb-wlmq/~/.ya/snowden/v1/locks/2026_09_09_11_50_05_b25lkbub
2026-09-09 11:52:05,073 DEBUG library.python.filelock: Acquiring FileLock (blocking=True): /home/kkhamitov/git/ydb-wlmq/~/.ya/snowden/v1/locks/2026_09_09_11_52_05_ftc0zxys
2026-09-09 11:52:05,099 DEBUG library.python.filelock: Ensuring FileLock released: /home/kkhamitov/git/ydb-wlmq/~/.ya/snowden/v1/locks/2026_09_09_11_51_05_ehp7yq13
2026-09-09 11:52:05,100 DEBUG library.python.filelock: Ensuring FileLock released: /home/kkhamitov/git/ydb-wlmq/~/.ya/snowden/v1/locks/2026_09_09_11_51_05_ehp7yq13
2026-09-09 11:53:05,139 DEBUG library.python.filelock: Acquiring FileLock (blocking=True): /home/kkhamitov/git/ydb-wlmq/~/.ya/snowden/v1/locks/2026_09_09_11_53_05_rx345tz0
2026-09-09 11:53:05,140 DEBUG library.python.filelock: Ensuring FileLock released: /home/kkhamitov/git/ydb-wlmq/~/.ya/snowden/v1/locks/2026_09_09_11_52_05_ftc0zxys
2026-09-09 11:53:05,140 DEBUG library.python.filelock: Ensuring FileLock released: /home/kkhamitov/git/ydb-wlmq/~/.ya/snowden/v1/locks/2026_09_09_11_52_05_ftc0zxys
2026-09-09 11:54:05,167 DEBUG library.python.filelock: Acquiring FileLock (blocking=True): /home/kkhamitov/git/ydb-wlmq/~/.ya/snowden/v1/locks/2026_09_09_11_54_05_idsb8z9e
2026-09-09 11:54:05,168 DEBUG library.python.filelock: Ensuring FileLock released: /home/kkhamitov/git/ydb-wlmq/~/.ya/snowden/v1/locks/2026_09_09_11_53_05_rx345tz0
2026-09-09 11:54:05,168 DEBUG library.python.filelock: Ensuring FileLock released: /home/kkhamitov/git/ydb-wlmq/~/.ya/snowden/v1/locks/2026_09_09_11_53_05_rx345tz0
2026-09-09 11:55:05,181 DEBUG library.python.filelock: Acquiring FileLock (blocking=True): /home/kkhamitov/git/ydb-wlmq/~/.ya/snowden/v1/locks/2026_09_09_11_55_05_tyy12630
2026-09-09 11:55:05,181 DEBUG library.python.filelock: Ensuring FileLock released: /home/kkhamitov/git/ydb-wlmq/~/.ya/snowden/v1/locks/2026_09_09_11_54_05_idsb8z9e
2026-09-09 11:55:05,181 DEBUG library.python.filelock: Ensuring FileLock released: /home/kkhamitov/git/ydb-wlmq/~/.ya/snowden/v1/locks/2026_09_09_11_54_05_idsb8z9e
2026-09-09 11:56:05,192 DEBUG library.python.filelock: Acquiring FileLock (blocking=True): /home/kkhamitov/git/ydb-wlmq/~/.ya/snowden/v1/locks/2026_09_09_11_56_05_o8zdttf0
2026-09-09 11:56:05,193 DEBUG library.python.filelock: Ensuring FileLock released: /home/kkhamitov/git/ydb-wlmq/~/.ya/snowden/v1/locks/2026_09_09_11_55_05_tyy12630
2026-09-09 11:56:05,193 DEBUG library.python.filelock: Ensuring FileLock released: /home/kkhamitov/git/ydb-wlmq/~/.ya/snowden/v1/locks/2026_09_09_11_55_05_tyy12630
2026-09-09 11:57:05,204 DEBUG library.python.filelock: Acquiring FileLock (blocking=True): /home/kkhamitov/git/ydb-wlmq/~/.ya/snowden/v1/locks/2026_09_09_11_57_05_ypuneijy
2026-09-09 11:57:05,205 DEBUG library.python.filelock: Ensuring FileLock released: /home/kkhamitov/git/ydb-wlmq/~/.ya/snowden/v1/locks/2026_09_09_11_56_05_o8zdttf0
2026-09-09 11:57:05,205 DEBUG library.python.filelock: Ensuring FileLock released: /home/kkhamitov/git/ydb-wlmq/~/.ya/snowden/v1/locks/2026_09_09_11_56_05_o8zdttf0
2026-09-09 11:58:05,217 DEBUG library.python.filelock: Acquiring FileLock (blocking=True): /home/kkhamitov/git/ydb-wlmq/~/.ya/snowden/v1/locks/2026_09_09_11_58_05_x9qstjvt
2026-09-09 11:58:05,218 DEBUG library.python.filelock: Ensuring FileLock released: /home/kkhamitov/git/ydb-wlmq/~/.ya/snowden/v1/locks/2026_09_09_11_57_05_ypuneijy
2026-09-09 11:58:05,218 DEBUG library.python.filelock: Ensuring FileLock released: /home/kkhamitov/git/ydb-wlmq/~/.ya/snowden/v1/locks/2026_09_09_11_57_05_ypuneijy
2026-09-09 11:59:05,234 DEBUG library.python.filelock: Acquiring FileLock (blocking=True): /home/kkhamitov/git/ydb-wlmq/~/.ya/snowden/v1/locks/2026_09_09_11_59_05_7nf3uptw
2026-09-09 11:59:05,235 DEBUG library.python.filelock: Ensuring FileLock released: /home/kkhamitov/git/ydb-wlmq/~/.ya/snowden/v1/locks/2026_09_09_11_58_05_x9qstjvt
2026-09-09 11:59:05,235 DEBUG library.python.filelock: Ensuring FileLock released: /home/kkhamitov/git/ydb-wlmq/~/.ya/snowden/v1/locks/2026_09_09_11_58_05_x9qstjvt
2026-09-09 12:00:05,255 DEBUG library.python.filelock: Acquiring FileLock (blocking=True): /home/kkhamitov/git/ydb-wlmq/~/.ya/snowden/v1/locks/2026_09_09_12_00_05_zsv24bny
2026-09-09 12:00:05,256 DEBUG library.python.filelock: Ensuring FileLock released: /home/kkhamitov/git/ydb-wlmq/~/.ya/snowden/v1/locks/2026_09_09_11_59_05_7nf3uptw
2026-09-09 12:00:05,256 DEBUG library.python.filelock: Ensuring FileLock released: /home/kkhamitov/git/ydb-wlmq/~/.ya/snowden/v1/locks/2026_09_09_11_59_05_7nf3uptw
2026-09-09 12:01:05,278 DEBUG library.python.filelock: Acquiring FileLock (blocking=True): /home/kkhamitov/git/ydb-wlmq/~/.ya/snowden/v1/locks/2026_09_09_12_01_05_4es07z20
2026-09-09 12:01:05,278 DEBUG library.python.filelock: Ensuring FileLock released: /home/kkhamitov/git/ydb-wlmq/~/.ya/snowden/v1/locks/2026_09_09_12_00_05_zsv24bny
2026-09-09 12:01:05,278 DEBUG library.python.filelock: Ensuring FileLock released: /home/kkhamitov/git/ydb-wlmq/~/.ya/snowden/v1/locks/2026_09_09_12_00_05_zsv24bny
2026-09-09 12:02:05,292 DEBUG library.python.filelock: Acquiring FileLock (blocking=True): /home/kkhamitov/git/ydb-wlmq/~/.ya/snowden/v1/locks/2026_09_09_12_02_05_mqe7ycv2
2026-09-09 12:02:05,292 DEBUG library.python.filelock: Ensuring FileLock released: /home/kkhamitov/git/ydb-wlmq/~/.ya/snowden/v1/locks/2026_09_09_12_01_05_4es07z20
2026-09-09 12:02:05,292 DEBUG library.python.filelock: Ensuring FileLock released: /home/kkhamitov/git/ydb-wlmq/~/.ya/snowden/v1/locks/2026_09_09_12_01_05_4es07z20
2026-09-09 12:03:05,322 DEBUG library.python.filelock: Acquiring FileLock (blocking=True): /home/kkhamitov/git/ydb-wlmq/~/.ya/snowden/v1/locks/2026_09_09_12_03_05_mggwc039
2026-09-09 12:03:05,322 DEBUG library.python.filelock: Ensuring FileLock released: /home/kkhamitov/git/ydb-wlmq/~/.ya/snowden/v1/locks/2026_09_09_12_02_05_mqe7ycv2
2026-09-09 12:03:05,322 DEBUG library.python.filelock: Ensuring FileLock released: /home/kkhamitov/git/ydb-wlmq/~/.ya/snowden/v1/locks/2026_09_09_12_02_05_mqe7ycv2
2026-09-09 12:04:05,332 DEBUG library.python.filelock: Acquiring FileLock (blocking=True): /home/kkhamitov/git/ydb-wlmq/~/.ya/snowden/v1/locks/2026_09_09_12_04_05_8l3cb8j0
2026-09-09 12:04:05,332 DEBUG library.python.filelock: Ensuring FileLock released: /home/kkhamitov/git/ydb-wlmq/~/.ya/snowden/v1/locks/2026_09_09_12_03_05_mggwc039
2026-09-09 12:04:05,332 DEBUG library.python.filelock: Ensuring FileLock released: /home/kkhamitov/git/ydb-wlmq/~/.ya/snowden/v1/locks/2026_09_09_12_03_05_mggwc039
2026-09-09 12:05:05,346 DEBUG library.python.filelock: Acquiring FileLock (blocking=True): /home/kkhamitov/git/ydb-wlmq/~/.ya/snowden/v1/locks/2026_09_09_12_05_05_mcqhtv85
2026-09-09 12:05:05,346 DEBUG library.python.filelock: Ensuring FileLock released: /home/kkhamitov/git/ydb-wlmq/~/.ya/snowden/v1/locks/2026_09_09_12_04_05_8l3cb8j0
2026-09-09 12:05:05,346 DEBUG library.python.filelock: Ensuring FileLock released: /home/kkhamitov/git/ydb-wlmq/~/.ya/snowden/v1/locks/2026_09_09_12_04_05_8l3cb8j0
2026-09-09 12:06:05,369 DEBUG library.python.filelock: Acquiring FileLock (blocking=True): /home/kkhamitov/git/ydb-wlmq/~/.ya/snowden/v1/locks/2026_09_09_12_06_05_subtzobj
2026-09-09 12:06:05,369 DEBUG library.python.filelock: Ensuring FileLock released: /home/kkhamitov/git/ydb-wlmq/~/.ya/snowden/v1/locks/2026_09_09_12_05_05_mcqhtv85
2026-09-09 12:06:05,369 DEBUG library.python.filelock: Ensuring FileLock released: /home/kkhamitov/git/ydb-wlmq/~/.ya/snowden/v1/locks/2026_09_09_12_05_05_mcqhtv85
2026-09-09 12:07:05,380 DEBUG library.python.filelock: Acquiring FileLock (blocking=True): /home/kkhamitov/git/ydb-wlmq/~/.ya/snowden/v1/locks/2026_09_09_12_07_05_iy04hllx
2026-09-09 12:07:05,381 DEBUG library.python.filelock: Ensuring FileLock released: /home/kkhamitov/git/ydb-wlmq/~/.ya/snowden/v1/locks/2026_09_09_12_06_05_subtzobj
2026-09-09 12:07:05,381 DEBUG library.python.filelock: Ensuring FileLock released: /home/kkhamitov/git/ydb-wlmq/~/.ya/snowden/v1/locks/2026_09_09_12_06_05_subtzobj
2026-09-09 12:08:05,391 DEBUG library.python.filelock: Acquiring FileLock (blocking=True): /home/kkhamitov/git/ydb-wlmq/~/.ya/snowden/v1/locks/2026_09_09_12_08_05_cm0stxe8
2026-09-09 12:08:05,392 DEBUG library.python.filelock: Ensuring FileLock released: /home/kkhamitov/git/ydb-wlmq/~/.ya/snowden/v1/locks/2026_09_09_12_07_05_iy04hllx
2026-09-09 12:08:05,392 DEBUG library.python.filelock: Ensuring FileLock released: /home/kkhamitov/git/ydb-wlmq/~/.ya/snowden/v1/locks/2026_09_09_12_07_05_iy04hllx
2026-09-09 12:09:05,497 DEBUG library.python.filelock: Acquiring FileLock (blocking=True): /home/kkhamitov/git/ydb-wlmq/~/.ya/snowden/v1/locks/2026_09_09_12_09_05_0hmlrmtf
2026-09-09 12:09:05,498 DEBUG library.python.filelock: Ensuring FileLock released: /home/kkhamitov/git/ydb-wlmq/~/.ya/snowden/v1/locks/2026_09_09_12_08_05_cm0stxe8
2026-09-09 12:09:05,498 DEBUG library.python.filelock: Ensuring FileLock released: /home/kkhamitov/git/ydb-wlmq/~/.ya/snowden/v1/locks/2026_09_09_12_08_05_cm0stxe8
2026-09-09 12:10:05,518 DEBUG library.python.filelock: Acquiring FileLock (blocking=True): /home/kkhamitov/git/ydb-wlmq/~/.ya/snowden/v1/locks/2026_09_09_12_10_05_2tj5en9c
2026-09-09 12:10:05,519 DEBUG library.python.filelock: Ensuring FileLock released: /home/kkhamitov/git/ydb-wlmq/~/.ya/snowden/v1/locks/2026_09_09_12_09_05_0hmlrmtf
2026-09-09 12:10:05,519 DEBUG library.python.filelock: Ensuring FileLock released: /home/kkhamitov/git/ydb-wlmq/~/.ya/snowden/v1/locks/2026_09_09_12_09_05_0hmlrmtf
2026-09-09 12:11:06,028 DEBUG library.python.filelock: Acquiring FileLock (blocking=True): /home/kkhamitov/git/ydb-wlmq/~/.ya/snowden/v1/locks/2026_09_09_12_11_06_d3gq9d38
2026-09-09 12:11:06,028 DEBUG library.python.filelock: Ensuring FileLock released: /home/kkhamitov/git/ydb-wlmq/~/.ya/snowden/v1/locks/2026_09_09_12_10_05_2tj5en9c
2026-09-09 12:11:06,028 DEBUG library.python.filelock: Ensuring FileLock released: /home/kkhamitov/git/ydb-wlmq/~/.ya/snowden/v1/locks/2026_09_09_12_10_05_2tj5en9c
2026-09-09 12:12:06,116 DEBUG library.python.filelock: Acquiring FileLock (blocking=True): /home/kkhamitov/git/ydb-wlmq/~/.ya/snowden/v1/locks/2026_09_09_12_12_06_f5y4vtz5
2026-09-09 12:12:06,116 DEBUG library.python.filelock: Ensuring FileLock released: /home/kkhamitov/git/ydb-wlmq/~/.ya/snowden/v1/locks/2026_09_09_12_11_06_d3gq9d38
2026-09-09 12:12:06,116 DEBUG library.python.filelock: Ensuring FileLock released: /home/kkhamitov/git/ydb-wlmq/~/.ya/snowden/v1/locks/2026_09_09_12_11_06_d3gq9d38
2026-09-09 12:13:06,190 DEBUG library.python.filelock: Acquiring FileLock (blocking=True): /home/kkhamitov/git/ydb-wlmq/~/.ya/snowden/v1/locks/2026_09_09_12_13_06_j0q0h4ng
2026-09-09 12:13:06,191 DEBUG library.python.filelock: Ensuring FileLock released: /home/kkhamitov/git/ydb-wlmq/~/.ya/snowden/v1/locks/2026_09_09_12_12_06_f5y4vtz5
2026-09-09 12:13:06,191 DEBUG library.python.filelock: Ensuring FileLock released: /home/kkhamitov/git/ydb-wlmq/~/.ya/snowden/v1/locks/2026_09_09_12_12_06_f5y4vtz5
2026-09-09 12:14:06,250 DEBUG library.python.filelock: Acquiring FileLock (blocking=True): /home/kkhamitov/git/ydb-wlmq/~/.ya/snowden/v1/locks/2026_09_09_12_14_06_bw1hp62s
2026-09-09 12:14:06,251 DEBUG library.python.filelock: Ensuring FileLock released: /home/kkhamitov/git/ydb-wlmq/~/.ya/snowden/v1/locks/2026_09_09_12_13_06_j0q0h4ng
2026-09-09 12:14:06,251 DEBUG library.python.filelock: Ensuring FileLock released: /home/kkhamitov/git/ydb-wlmq/~/.ya/snowden/v1/locks/2026_09_09_12_13_06_j0q0h4ng
2026-09-09 12:15:06,289 DEBUG library.python.filelock: Acquiring FileLock (blocking=True): /home/kkhamitov/git/ydb-wlmq/~/.ya/snowden/v1/locks/2026_09_09_12_15_06_7qvypbgc
2026-09-09 12:15:06,290 DEBUG library.python.filelock: Ensuring FileLock released: /home/kkhamitov/git/ydb-wlmq/~/.ya/snowden/v1/locks/2026_09_09_12_14_06_bw1hp62s
2026-09-09 12:15:06,290 DEBUG library.python.filelock: Ensuring FileLock released: /home/kkhamitov/git/ydb-wlmq/~/.ya/snowden/v1/locks/2026_09_09_12_14_06_bw1hp62s
2026-09-09 12:16:06,383 DEBUG library.python.filelock: Acquiring FileLock (blocking=True): /home/kkhamitov/git/ydb-wlmq/~/.ya/snowden/v1/locks/2026_09_09_12_16_06_t90fq9fm
2026-09-09 12:16:06,384 DEBUG library.python.filelock: Ensuring FileLock released: /home/kkhamitov/git/ydb-wlmq/~/.ya/snowden/v1/locks/2026_09_09_12_15_06_7qvypbgc
2026-09-09 12:16:06,384 DEBUG library.python.filelock: Ensuring FileLock released: /home/kkhamitov/git/ydb-wlmq/~/.ya/snowden/v1/locks/2026_09_09_12_15_06_7qvypbgc
2026-09-09 12:17:06,415 DEBUG library.python.filelock: Acquiring FileLock (blocking=True): /home/kkhamitov/git/ydb-wlmq/~/.ya/snowden/v1/locks/2026_09_09_12_17_06_e7r1mbgt
2026-09-09 12:17:06,415 DEBUG library.python.filelock: Ensuring FileLock released: /home/kkhamitov/git/ydb-wlmq/~/.ya/snowden/v1/locks/2026_09_09_12_16_06_t90fq9fm
2026-09-09 12:17:06,415 DEBUG library.python.filelock: Ensuring FileLock released: /home/kkhamitov/git/ydb-wlmq/~/.ya/snowden/v1/locks/2026_09_09_12_16_06_t90fq9fm
2026-09-09 12:18:06,444 DEBUG library.python.filelock: Acquiring FileLock (blocking=True): /home/kkhamitov/git/ydb-wlmq/~/.ya/snowden/v1/locks/2026_09_09_12_18_06_obthh74l
2026-09-09 12:18:06,445 DEBUG library.python.filelock: Ensuring FileLock released: /home/kkhamitov/git/ydb-wlmq/~/.ya/snowden/v1/locks/2026_09_09_12_17_06_e7r1mbgt
2026-09-09 12:18:06,445 DEBUG library.python.filelock: Ensuring FileLock released: /home/kkhamitov/git/ydb-wlmq/~/.ya/snowden/v1/locks/2026_09_09_12_17_06_e7r1mbgt
2026-09-09 12:19:06,455 DEBUG library.python.filelock: Acquiring FileLock (blocking=True): /home/kkhamitov/git/ydb-wlmq/~/.ya/snowden/v1/locks/2026_09_09_12_19_06_4qcxzsdj
2026-09-09 12:19:06,455 DEBUG library.python.filelock: Ensuring FileLock released: /home/kkhamitov/git/ydb-wlmq/~/.ya/snowden/v1/locks/2026_09_09_12_18_06_obthh74l
2026-09-09 12:19:06,456 DEBUG library.python.filelock: Ensuring FileLock released: /home/kkhamitov/git/ydb-wlmq/~/.ya/snowden/v1/locks/2026_09_09_12_18_06_obthh74l
2026-09-09 12:20:06,500 DEBUG library.python.filelock: Acquiring FileLock (blocking=True): /home/kkhamitov/git/ydb-wlmq/~/.ya/snowden/v1/locks/2026_09_09_12_20_06_nfobk40p
2026-09-09 12:20:06,500 DEBUG library.python.filelock: Ensuring FileLock released: /home/kkhamitov/git/ydb-wlmq/~/.ya/snowden/v1/locks/2026_09_09_12_19_06_4qcxzsdj
2026-09-09 12:20:06,500 DEBUG library.python.filelock: Ensuring FileLock released: /home/kkhamitov/git/ydb-wlmq/~/.ya/snowden/v1/locks/2026_09_09_12_19_06_4qcxzsdj
2026-09-09 12:21:06,626 DEBUG library.python.filelock: Acquiring FileLock (blocking=True): /home/kkhamitov/git/ydb-wlmq/~/.ya/snowden/v1/locks/2026_09_09_12_21_06_d8s9mo1x
2026-09-09 12:21:06,626 DEBUG library.python.filelock: Ensuring FileLock released: /home/kkhamitov/git/ydb-wlmq/~/.ya/snowden/v1/locks/2026_09_09_12_20_06_nfobk40p
2026-09-09 12:21:06,626 DEBUG library.python.filelock: Ensuring FileLock released: /home/kkhamitov/git/ydb-wlmq/~/.ya/snowden/v1/locks/2026_09_09_12_20_06_nfobk40p
2026-09-09 12:22:06,638 DEBUG library.python.filelock: Acquiring FileLock (blocking=True): /home/kkhamitov/git/ydb-wlmq/~/.ya/snowden/v1/locks/2026_09_09_12_22_06_g0dqyyqa
2026-09-09 12:22:06,638 DEBUG library.python.filelock: Ensuring FileLock released: /home/kkhamitov/git/ydb-wlmq/~/.ya/snowden/v1/locks/2026_09_09_12_21_06_d8s9mo1x
2026-09-09 12:22:06,638 DEBUG library.python.filelock: Ensuring FileLock released: /home/kkhamitov/git/ydb-wlmq/~/.ya/snowden/v1/locks/2026_09_09_12_21_06_d8s9mo1x
2026-09-09 12:23:06,651 DEBUG library.python.filelock: Acquiring FileLock (blocking=True): /home/kkhamitov/git/ydb-wlmq/~/.ya/snowden/v1/locks/2026_09_09_12_23_06_wqrbfjou
2026-09-09 12:23:06,652 DEBUG library.python.filelock: Ensuring FileLock released: /home/kkhamitov/git/ydb-wlmq/~/.ya/snowden/v1/locks/2026_09_09_12_22_06_g0dqyyqa
2026-09-09 12:23:06,652 DEBUG library.python.filelock: Ensuring FileLock released: /home/kkhamitov/git/ydb-wlmq/~/.ya/snowden/v1/locks/2026_09_09_12_22_06_g0dqyyqa
2026-09-09 12:24:06,699 DEBUG library.python.filelock: Acquiring FileLock (blocking=True): /home/kkhamitov/git/ydb-wlmq/~/.ya/snowden/v1/locks/2026_09_09_12_24_06_8hsaksy5
2026-09-09 12:24:06,699 DEBUG library.python.filelock: Ensuring FileLock released: /home/kkhamitov/git/ydb-wlmq/~/.ya/snowden/v1/locks/2026_09_09_12_23_06_wqrbfjou
2026-09-09 12:24:06,699 DEBUG library.python.filelock: Ensuring FileLock released: /home/kkhamitov/git/ydb-wlmq/~/.ya/snowden/v1/locks/2026_09_09_12_23_06_wqrbfjou
2026-09-09 12:25:06,712 DEBUG library.python.filelock: Acquiring FileLock (blocking=True): /home/kkhamitov/git/ydb-wlmq/~/.ya/snowden/v1/locks/2026_09_09_12_25_06_07ybij9p
2026-09-09 12:25:06,713 DEBUG library.python.filelock: Ensuring FileLock released: /home/kkhamitov/git/ydb-wlmq/~/.ya/snowden/v1/locks/2026_09_09_12_24_06_8hsaksy5
2026-09-09 12:25:06,713 DEBUG library.python.filelock: Ensuring FileLock released: /home/kkhamitov/git/ydb-wlmq/~/.ya/snowden/v1/locks/2026_09_09_12_24_06_8hsaksy5
2026-09-09 12:26:06,723 DEBUG library.python.filelock: Acquiring FileLock (blocking=True): /home/kkhamitov/git/ydb-wlmq/~/.ya/snowden/v1/locks/2026_09_09_12_26_06_zn4fn8po
2026-09-09 12:26:06,724 DEBUG library.python.filelock: Ensuring FileLock released: /home/kkhamitov/git/ydb-wlmq/~/.ya/snowden/v1/locks/2026_09_09_12_25_06_07ybij9p
2026-09-09 12:26:06,724 DEBUG library.python.filelock: Ensuring FileLock released: /home/kkhamitov/git/ydb-wlmq/~/.ya/snowden/v1/locks/2026_09_09_12_25_06_07ybij9p
2026-09-09 12:27:06,737 DEBUG library.python.filelock: Acquiring FileLock (blocking=True): /home/kkhamitov/git/ydb-wlmq/~/.ya/snowden/v1/locks/2026_09_09_12_27_06_jdgf9yhy
2026-09-09 12:27:06,737 DEBUG library.python.filelock: Ensuring FileLock released: /home/kkhamitov/git/ydb-wlmq/~/.ya/snowden/v1/locks/2026_09_09_12_26_06_zn4fn8po
2026-09-09 12:27:06,737 DEBUG library.python.filelock: Ensuring FileLock released: /home/kkhamitov/git/ydb-wlmq/~/.ya/snowden/v1/locks/2026_09_09_12_26_06_zn4fn8po
2026-09-09 12:28:06,750 DEBUG library.python.filelock: Acquiring FileLock (blocking=True): /home/kkhamitov/git/ydb-wlmq/~/.ya/snowden/v1/locks/2026_09_09_12_28_06_3f8yab8z
2026-09-09 12:28:06,750 DEBUG library.python.filelock: Ensuring FileLock released: /home/kkhamitov/git/ydb-wlmq/~/.ya/snowden/v1/locks/2026_09_09_12_27_06_jdgf9yhy
2026-09-09 12:28:06,750 DEBUG library.python.filelock: Ensuring FileLock released: /home/kkhamitov/git/ydb-wlmq/~/.ya/snowden/v1/locks/2026_09_09_12_27_06_jdgf9yhy
2026-09-09 12:29:06,767 DEBUG library.python.filelock: Acquiring FileLock (blocking=True): /home/kkhamitov/git/ydb-wlmq/~/.ya/snowden/v1/locks/2026_09_09_12_29_06_3v49add1
2026-09-09 12:29:06,767 DEBUG library.python.filelock: Ensuring FileLock released: /home/kkhamitov/git/ydb-wlmq/~/.ya/snowden/v1/locks/2026_09_09_12_28_06_3f8yab8z
2026-09-09 12:29:06,767 DEBUG library.python.filelock: Ensuring FileLock released: /home/kkhamitov/git/ydb-wlmq/~/.ya/snowden/v1/locks/2026_09_09_12_28_06_3f8yab8z
2026-09-09 12:30:06,784 DEBUG library.python.filelock: Acquiring FileLock (blocking=True): /home/kkhamitov/git/ydb-wlmq/~/.ya/snowden/v1/locks/2026_09_09_12_30_06_tcdtaoqg
2026-09-09 12:30:06,784 DEBUG library.python.filelock: Ensuring FileLock released: /home/kkhamitov/git/ydb-wlmq/~/.ya/snowden/v1/locks/2026_09_09_12_29_06_3v49add1
2026-09-09 12:30:06,784 DEBUG library.python.filelock: Ensuring FileLock released: /home/kkhamitov/git/ydb-wlmq/~/.ya/snowden/v1/locks/2026_09_09_12_29_06_3v49add1
2026-09-09 12:31:06,801 DEBUG library.python.filelock: Acquiring FileLock (blocking=True): /home/kkhamitov/git/ydb-wlmq/~/.ya/snowden/v1/locks/2026_09_09_12_31_06_gvj2fboz
2026-09-09 12:31:06,802 DEBUG library.python.filelock: Ensuring FileLock released: /home/kkhamitov/git/ydb-wlmq/~/.ya/snowden/v1/locks/2026_09_09_12_30_06_tcdtaoqg
2026-09-09 12:31:06,802 DEBUG library.python.filelock: Ensuring FileLock released: /home/kkhamitov/git/ydb-wlmq/~/.ya/snowden/v1/locks/2026_09_09_12_30_06_tcdtaoqg
2026-09-09 12:32:06,834 DEBUG library.python.filelock: Acquiring FileLock (blocking=True): /home/kkhamitov/git/ydb-wlmq/~/.ya/snowden/v1/locks/2026_09_09_12_32_06_ait1ao9g
2026-09-09 12:32:06,834 DEBUG library.python.filelock: Ensuring FileLock released: /home/kkhamitov/git/ydb-wlmq/~/.ya/snowden/v1/locks/2026_09_09_12_31_06_gvj2fboz
2026-09-09 12:32:06,834 DEBUG library.python.filelock: Ensuring FileLock released: /home/kkhamitov/git/ydb-wlmq/~/.ya/snowden/v1/locks/2026_09_09_12_31_06_gvj2fboz
2026-09-09 12:33:06,852 DEBUG library.python.filelock: Acquiring FileLock (blocking=True): /home/kkhamitov/git/ydb-wlmq/~/.ya/snowden/v1/locks/2026_09_09_12_33_06_ms39kxnz
2026-09-09 12:33:06,853 DEBUG library.python.filelock: Ensuring FileLock released: /home/kkhamitov/git/ydb-wlmq/~/.ya/snowden/v1/locks/2026_09_09_12_32_06_ait1ao9g
2026-09-09 12:33:06,853 DEBUG library.python.filelock: Ensuring FileLock released: /home/kkhamitov/git/ydb-wlmq/~/.ya/snowden/v1/locks/2026_09_09_12_32_06_ait1ao9g
2026-09-09 12:34:06,891 DEBUG library.python.filelock: Acquiring FileLock (blocking=True): /home/kkhamitov/git/ydb-wlmq/~/.ya/snowden/v1/locks/2026_09_09_12_34_06_9ojdhtfa
2026-09-09 12:34:06,891 DEBUG library.python.filelock: Ensuring FileLock released: /home/kkhamitov/git/ydb-wlmq/~/.ya/snowden/v1/locks/2026_09_09_12_33_06_ms39kxnz
2026-09-09 12:34:06,891 DEBUG library.python.filelock: Ensuring FileLock released: /home/kkhamitov/git/ydb-wlmq/~/.ya/snowden/v1/locks/2026_09_09_12_33_06_ms39kxnz
2026-09-09 12:35:06,934 DEBUG library.python.filelock: Acquiring FileLock (blocking=True): /home/kkhamitov/git/ydb-wlmq/~/.ya/snowden/v1/locks/2026_09_09_12_35_06_xergar0v
2026-09-09 12:35:06,935 DEBUG library.python.filelock: Ensuring FileLock released: /home/kkhamitov/git/ydb-wlmq/~/.ya/snowden/v1/locks/2026_09_09_12_34_06_9ojdhtfa
2026-09-09 12:35:06,935 DEBUG library.python.filelock: Ensuring FileLock released: /home/kkhamitov/git/ydb-wlmq/~/.ya/snowden/v1/locks/2026_09_09_12_34_06_9ojdhtfa
2026-09-09 12:36:06,949 DEBUG library.python.filelock: Acquiring FileLock (blocking=True): /home/kkhamitov/git/ydb-wlmq/~/.ya/snowden/v1/locks/2026_09_09_12_36_06_g3nxjpga
2026-09-09 12:36:06,950 DEBUG library.python.filelock: Ensuring FileLock released: /home/kkhamitov/git/ydb-wlmq/~/.ya/snowden/v1/locks/2026_09_09_12_35_06_xergar0v
2026-09-09 12:36:06,950 DEBUG library.python.filelock: Ensuring FileLock released: /home/kkhamitov/git/ydb-wlmq/~/.ya/snowden/v1/locks/2026_09_09_12_35_06_xergar0v
2026-09-09 12:37:06,960 DEBUG library.python.filelock: Acquiring FileLock (blocking=True): /home/kkhamitov/git/ydb-wlmq/~/.ya/snowden/v1/locks/2026_09_09_12_37_06_bp0b6wjw
2026-09-09 12:37:06,961 DEBUG library.python.filelock: Ensuring FileLock released: /home/kkhamitov/git/ydb-wlmq/~/.ya/snowden/v1/locks/2026_09_09_12_36_06_g3nxjpga
2026-09-09 12:37:06,961 DEBUG library.python.filelock: Ensuring FileLock released: /home/kkhamitov/git/ydb-wlmq/~/.ya/snowden/v1/locks/2026_09_09_12_36_06_g3nxjpga
2026-09-09 12:38:06,978 DEBUG library.python.filelock: Acquiring FileLock (blocking=True): /home/kkhamitov/git/ydb-wlmq/~/.ya/snowden/v1/locks/2026_09_09_12_38_06_vccru15g
2026-09-09 12:38:06,978 DEBUG library.python.filelock: Ensuring FileLock released: /home/kkhamitov/git/ydb-wlmq/~/.ya/snowden/v1/locks/2026_09_09_12_37_06_bp0b6wjw
2026-09-09 12:38:06,979 DEBUG library.python.filelock: Ensuring FileLock released: /home/kkhamitov/git/ydb-wlmq/~/.ya/snowden/v1/locks/2026_09_09_12_37_06_bp0b6wjw
2026-09-09 12:39:07,005 DEBUG library.python.filelock: Acquiring FileLock (blocking=True): /home/kkhamitov/git/ydb-wlmq/~/.ya/snowden/v1/locks/2026_09_09_12_39_07_5s8kijfc
2026-09-09 12:39:07,006 DEBUG library.python.filelock: Ensuring FileLock released: /home/kkhamitov/git/ydb-wlmq/~/.ya/snowden/v1/locks/2026_09_09_12_38_06_vccru15g
2026-09-09 12:39:07,006 DEBUG library.python.filelock: Ensuring FileLock released: /home/kkhamitov/git/ydb-wlmq/~/.ya/snowden/v1/locks/2026_09_09_12_38_06_vccru15g
2026-09-09 12:40:07,019 DEBUG library.python.filelock: Acquiring FileLock (blocking=True): /home/kkhamitov/git/ydb-wlmq/~/.ya/snowden/v1/locks/2026_09_09_12_40_07_qqu6rp3h
2026-09-09 12:40:07,019 DEBUG library.python.filelock: Ensuring FileLock released: /home/kkhamitov/git/ydb-wlmq/~/.ya/snowden/v1/locks/2026_09_09_12_39_07_5s8kijfc
2026-09-09 12:40:07,020 DEBUG library.python.filelock: Ensuring FileLock released: /home/kkhamitov/git/ydb-wlmq/~/.ya/snowden/v1/locks/2026_09_09_12_39_07_5s8kijfc
2026-09-09 12:41:07,048 DEBUG library.python.filelock: Acquiring FileLock (blocking=True): /home/kkhamitov/git/ydb-wlmq/~/.ya/snowden/v1/locks/2026_09_09_12_41_07_otuux2dk
2026-09-09 12:41:07,049 DEBUG library.python.filelock: Ensuring FileLock released: /home/kkhamitov/git/ydb-wlmq/~/.ya/snowden/v1/locks/2026_09_09_12_40_07_qqu6rp3h
2026-09-09 12:41:07,049 DEBUG library.python.filelock: Ensuring FileLock released: /home/kkhamitov/git/ydb-wlmq/~/.ya/snowden/v1/locks/2026_09_09_12_40_07_qqu6rp3h
2026-09-09 12:42:07,088 DEBUG library.python.filelock: Acquiring FileLock (blocking=True): /home/kkhamitov/git/ydb-wlmq/~/.ya/snowden/v1/locks/2026_09_09_12_42_07_yix2fxx2
2026-09-09 12:42:07,089 DEBUG library.python.filelock: Ensuring FileLock released: /home/kkhamitov/git/ydb-wlmq/~/.ya/snowden/v1/locks/2026_09_09_12_41_07_otuux2dk
2026-09-09 12:42:07,089 DEBUG library.python.filelock: Ensuring FileLock released: /home/kkhamitov/git/ydb-wlmq/~/.ya/snowden/v1/locks/2026_09_09_12_41_07_otuux2dk
2026-09-09 12:43:07,109 DEBUG library.python.filelock: Acquiring FileLock (blocking=True): /home/kkhamitov/git/ydb-wlmq/~/.ya/snowden/v1/locks/2026_09_09_12_43_07_cyxc78h9
2026-09-09 12:43:07,110 DEBUG library.python.filelock: Ensuring FileLock released: /home/kkhamitov/git/ydb-wlmq/~/.ya/snowden/v1/locks/2026_09_09_12_42_07_yix2fxx2
2026-09-09 12:43:07,110 DEBUG library.python.filelock: Ensuring FileLock released: /home/kkhamitov/git/ydb-wlmq/~/.ya/snowden/v1/locks/2026_09_09_12_42_07_yix2fxx2
2026-09-09 12:44:07,165 DEBUG library.python.filelock: Acquiring FileLock (blocking=True): /home/kkhamitov/git/ydb-wlmq/~/.ya/snowden/v1/locks/2026_09_09_12_44_07_s5oyl05m
2026-09-09 12:44:07,165 DEBUG library.python.filelock: Ensuring FileLock released: /home/kkhamitov/git/ydb-wlmq/~/.ya/snowden/v1/locks/2026_09_09_12_43_07_cyxc78h9
2026-09-09 12:44:07,166 DEBUG library.python.filelock: Ensuring FileLock released: /home/kkhamitov/git/ydb-wlmq/~/.ya/snowden/v1/locks/2026_09_09_12_43_07_cyxc78h9
2026-09-09 12:45:07,199 DEBUG library.python.filelock: Acquiring FileLock (blocking=True): /home/kkhamitov/git/ydb-wlmq/~/.ya/snowden/v1/locks/2026_09_09_12_45_07_ap9o4kn6
2026-09-09 12:45:07,199 DEBUG library.python.filelock: Ensuring FileLock released: /home/kkhamitov/git/ydb-wlmq/~/.ya/snowden/v1/locks/2026_09_09_12_44_07_s5oyl05m
2026-09-09 12:45:07,200 DEBUG library.python.filelock: Ensuring FileLock released: /home/kkhamitov/git/ydb-wlmq/~/.ya/snowden/v1/locks/2026_09_09_12_44_07_s5oyl05m
2026-09-09 12:46:07,250 DEBUG library.python.filelock: Acquiring FileLock (blocking=True): /home/kkhamitov/git/ydb-wlmq/~/.ya/snowden/v1/locks/2026_09_09_12_46_07_ekzipdm1
2026-09-09 12:46:07,251 DEBUG library.python.filelock: Ensuring FileLock released: /home/kkhamitov/git/ydb-wlmq/~/.ya/snowden/v1/locks/2026_09_09_12_45_07_ap9o4kn6
2026-09-09 12:46:07,251 DEBUG library.python.filelock: Ensuring FileLock released: /home/kkhamitov/git/ydb-wlmq/~/.ya/snowden/v1/locks/2026_09_09_12_45_07_ap9o4kn6
2026-09-09 12:47:07,274 DEBUG library.python.filelock: Acquiring FileLock (blocking=True): /home/kkhamitov/git/ydb-wlmq/~/.ya/snowden/v1/locks/2026_09_09_12_47_07_3ebcftst
2026-09-09 12:47:07,275 DEBUG library.python.filelock: Ensuring FileLock released: /home/kkhamitov/git/ydb-wlmq/~/.ya/snowden/v1/locks/2026_09_09_12_46_07_ekzipdm1
2026-09-09 12:47:07,275 DEBUG library.python.filelock: Ensuring FileLock released: /home/kkhamitov/git/ydb-wlmq/~/.ya/snowden/v1/locks/2026_09_09_12_46_07_ekzipdm1
2026-09-09 12:48:07,288 DEBUG library.python.filelock: Acquiring FileLock (blocking=True): /home/kkhamitov/git/ydb-wlmq/~/.ya/snowden/v1/locks/2026_09_09_12_48_07_lxv61bug
2026-09-09 12:48:07,288 DEBUG library.python.filelock: Ensuring FileLock released: /home/kkhamitov/git/ydb-wlmq/~/.ya/snowden/v1/locks/2026_09_09_12_47_07_3ebcftst
2026-09-09 12:48:07,288 DEBUG library.python.filelock: Ensuring FileLock released: /home/kkhamitov/git/ydb-wlmq/~/.ya/snowden/v1/locks/2026_09_09_12_47_07_3ebcftst
2026-09-09 12:49:07,296 DEBUG library.python.filelock: Acquiring FileLock (blocking=True): /home/kkhamitov/git/ydb-wlmq/~/.ya/snowden/v1/locks/2026_09_09_12_49_07_iu8nh8e9
2026-09-09 12:49:07,297 DEBUG library.python.filelock: Ensuring FileLock released: /home/kkhamitov/git/ydb-wlmq/~/.ya/snowden/v1/locks/2026_09_09_12_48_07_lxv61bug
2026-09-09 12:49:07,297 DEBUG library.python.filelock: Ensuring FileLock released: /home/kkhamitov/git/ydb-wlmq/~/.ya/snowden/v1/locks/2026_09_09_12_48_07_lxv61bug
2026-09-09 12:50:07,310 DEBUG library.python.filelock: Acquiring FileLock (blocking=True): /home/kkhamitov/git/ydb-wlmq/~/.ya/snowden/v1/locks/2026_09_09_12_50_07_c7ddvyfo
2026-09-09 12:50:07,311 DEBUG library.python.filelock: Ensuring FileLock released: /home/kkhamitov/git/ydb-wlmq/~/.ya/snowden/v1/locks/2026_09_09_12_49_07_iu8nh8e9
2026-09-09 12:50:07,311 DEBUG library.python.filelock: Ensuring FileLock released: /home/kkhamitov/git/ydb-wlmq/~/.ya/snowden/v1/locks/2026_09_09_12_49_07_iu8nh8e9
2026-09-09 12:51:07,324 DEBUG library.python.filelock: Acquiring FileLock (blocking=True): /home/kkhamitov/git/ydb-wlmq/~/.ya/snowden/v1/locks/2026_09_09_12_51_07_nu634xo3
2026-09-09 12:51:07,324 DEBUG library.python.filelock: Ensuring FileLock released: /home/kkhamitov/git/ydb-wlmq/~/.ya/snowden/v1/locks/2026_09_09_12_50_07_c7ddvyfo
2026-09-09 12:51:07,325 DEBUG library.python.filelock: Ensuring FileLock released: /home/kkhamitov/git/ydb-wlmq/~/.ya/snowden/v1/locks/2026_09_09_12_50_07_c7ddvyfo
2026-09-09 12:52:07,359 DEBUG library.python.filelock: Acquiring FileLock (blocking=True): /home/kkhamitov/git/ydb-wlmq/~/.ya/snowden/v1/locks/2026_09_09_12_52_07_lh2c4bu0
2026-09-09 12:52:07,360 DEBUG library.python.filelock: Ensuring FileLock released: /home/kkhamitov/git/ydb-wlmq/~/.ya/snowden/v1/locks/2026_09_09_12_51_07_nu634xo3
2026-09-09 12:52:07,360 DEBUG library.python.filelock: Ensuring FileLock released: /home/kkhamitov/git/ydb-wlmq/~/.ya/snowden/v1/locks/2026_09_09_12_51_07_nu634xo3
2026-09-09 12:53:07,458 DEBUG library.python.filelock: Acquiring FileLock (blocking=True): /home/kkhamitov/git/ydb-wlmq/~/.ya/snowden/v1/locks/2026_09_09_12_53_07_u7yvodhn
2026-09-09 12:53:07,458 DEBUG library.python.filelock: Ensuring FileLock released: /home/kkhamitov/git/ydb-wlmq/~/.ya/snowden/v1/locks/2026_09_09_12_52_07_lh2c4bu0
2026-09-09 12:53:07,458 DEBUG library.python.filelock: Ensuring FileLock released: /home/kkhamitov/git/ydb-wlmq/~/.ya/snowden/v1/locks/2026_09_09_12_52_07_lh2c4bu0
2026-09-09 12:54:07,496 DEBUG library.python.filelock: Acquiring FileLock (blocking=True): /home/kkhamitov/git/ydb-wlmq/~/.ya/snowden/v1/locks/2026_09_09_12_54_07_p2kod9a9
2026-09-09 12:54:07,496 DEBUG library.python.filelock: Ensuring FileLock released: /home/kkhamitov/git/ydb-wlmq/~/.ya/snowden/v1/locks/2026_09_09_12_53_07_u7yvodhn
2026-09-09 12:54:07,496 DEBUG library.python.filelock: Ensuring FileLock released: /home/kkhamitov/git/ydb-wlmq/~/.ya/snowden/v1/locks/2026_09_09_12_53_07_u7yvodhn
2026-09-09 12:55:07,545 DEBUG library.python.filelock: Acquiring FileLock (blocking=True): /home/kkhamitov/git/ydb-wlmq/~/.ya/snowden/v1/locks/2026_09_09_12_55_07_3s5soopw
2026-09-09 12:55:07,546 DEBUG library.python.filelock: Ensuring FileLock released: /home/kkhamitov/git/ydb-wlmq/~/.ya/snowden/v1/locks/2026_09_09_12_54_07_p2kod9a9
2026-09-09 12:55:07,546 DEBUG library.python.filelock: Ensuring FileLock released: /home/kkhamitov/git/ydb-wlmq/~/.ya/snowden/v1/locks/2026_09_09_12_54_07_p2kod9a9
2026-09-09 12:56:07,605 DEBUG library.python.filelock: Acquiring FileLock (blocking=True): /home/kkhamitov/git/ydb-wlmq/~/.ya/snowden/v1/locks/2026_09_09_12_56_07_i7lasgjx
2026-09-09 12:56:07,606 DEBUG library.python.filelock: Ensuring FileLock released: /home/kkhamitov/git/ydb-wlmq/~/.ya/snowden/v1/locks/2026_09_09_12_55_07_3s5soopw
2026-09-09 12:56:07,606 DEBUG library.python.filelock: Ensuring FileLock released: /home/kkhamitov/git/ydb-wlmq/~/.ya/snowden/v1/locks/2026_09_09_12_55_07_3s5soopw
2026-09-09 12:57:07,666 DEBUG library.python.filelock: Acquiring FileLock (blocking=True): /home/kkhamitov/git/ydb-wlmq/~/.ya/snowden/v1/locks/2026_09_09_12_57_07_aw9skx85
2026-09-09 12:57:07,667 DEBUG library.python.filelock: Ensuring FileLock released: /home/kkhamitov/git/ydb-wlmq/~/.ya/snowden/v1/locks/2026_09_09_12_56_07_i7lasgjx
2026-09-09 12:57:07,667 DEBUG library.python.filelock: Ensuring FileLock released: /home/kkhamitov/git/ydb-wlmq/~/.ya/snowden/v1/locks/2026_09_09_12_56_07_i7lasgjx
2026-09-09 12:58:07,682 DEBUG library.python.filelock: Acquiring FileLock (blocking=True): /home/kkhamitov/git/ydb-wlmq/~/.ya/snowden/v1/locks/2026_09_09_12_58_07_99bxbq8k
2026-09-09 12:58:07,683 DEBUG library.python.filelock: Ensuring FileLock released: /home/kkhamitov/git/ydb-wlmq/~/.ya/snowden/v1/locks/2026_09_09_12_57_07_aw9skx85
2026-09-09 12:58:07,683 DEBUG library.python.filelock: Ensuring FileLock released: /home/kkhamitov/git/ydb-wlmq/~/.ya/snowden/v1/locks/2026_09_09_12_57_07_aw9skx85
2026-09-09 12:59:07,697 DEBUG library.python.filelock: Acquiring FileLock (blocking=True): /home/kkhamitov/git/ydb-wlmq/~/.ya/snowden/v1/locks/2026_09_09_12_59_07_yxnoffo2
2026-09-09 12:59:07,697 DEBUG library.python.filelock: Ensuring FileLock released: /home/kkhamitov/git/ydb-wlmq/~/.ya/snowden/v1/locks/2026_09_09_12_58_07_99bxbq8k
2026-09-09 12:59:07,697 DEBUG library.python.filelock: Ensuring FileLock released: /home/kkhamitov/git/ydb-wlmq/~/.ya/snowden/v1/locks/2026_09_09_12_58_07_99bxbq8k
2026-09-09 13:00:07,713 DEBUG library.python.filelock: Acquiring FileLock (blocking=True): /home/kkhamitov/git/ydb-wlmq/~/.ya/snowden/v1/locks/2026_09_09_13_00_07_80dk6ql8
2026-09-09 13:00:07,713 DEBUG library.python.filelock: Ensuring FileLock released: /home/kkhamitov/git/ydb-wlmq/~/.ya/snowden/v1/locks/2026_09_09_12_59_07_yxnoffo2
2026-09-09 13:00:07,713 DEBUG library.python.filelock: Ensuring FileLock released: /home/kkhamitov/git/ydb-wlmq/~/.ya/snowden/v1/locks/2026_09_09_12_59_07_yxnoffo2
2026-09-09 13:01:07,743 DEBUG library.python.filelock: Acquiring FileLock (blocking=True): /home/kkhamitov/git/ydb-wlmq/~/.ya/snowden/v1/locks/2026_09_09_13_01_07_lfztvot4
2026-09-09 13:01:07,744 DEBUG library.python.filelock: Ensuring FileLock released: /home/kkhamitov/git/ydb-wlmq/~/.ya/snowden/v1/locks/2026_09_09_13_00_07_80dk6ql8
2026-09-09 13:01:07,744 DEBUG library.python.filelock: Ensuring FileLock released: /home/kkhamitov/git/ydb-wlmq/~/.ya/snowden/v1/locks/2026_09_09_13_00_07_80dk6ql8
2026-09-09 13:02:07,790 DEBUG library.python.filelock: Acquiring FileLock (blocking=True): /home/kkhamitov/git/ydb-wlmq/~/.ya/snowden/v1/locks/2026_09_09_13_02_07_0tbxh47m
2026-09-09 13:02:07,790 DEBUG library.python.filelock: Ensuring FileLock released: /home/kkhamitov/git/ydb-wlmq/~/.ya/snowden/v1/locks/2026_09_09_13_01_07_lfztvot4
2026-09-09 13:02:07,790 DEBUG library.python.filelock: Ensuring FileLock released: /home/kkhamitov/git/ydb-wlmq/~/.ya/snowden/v1/locks/2026_09_09_13_01_07_lfztvot4
2026-09-09 13:03:07,814 DEBUG library.python.filelock: Acquiring FileLock (blocking=True): /home/kkhamitov/git/ydb-wlmq/~/.ya/snowden/v1/locks/2026_09_09_13_03_07_vflrdly8
2026-09-09 13:03:07,814 DEBUG library.python.filelock: Ensuring FileLock released: /home/kkhamitov/git/ydb-wlmq/~/.ya/snowden/v1/locks/2026_09_09_13_02_07_0tbxh47m
2026-09-09 13:03:07,814 DEBUG library.python.filelock: Ensuring FileLock released: /home/kkhamitov/git/ydb-wlmq/~/.ya/snowden/v1/locks/2026_09_09_13_02_07_0tbxh47m
2026-09-09 13:04:07,830 DEBUG library.python.filelock: Acquiring FileLock (blocking=True): /home/kkhamitov/git/ydb-wlmq/~/.ya/snowden/v1/locks/2026_09_09_13_04_07_opz2r8j9
2026-09-09 13:04:07,831 DEBUG library.python.filelock: Ensuring FileLock released: /home/kkhamitov/git/ydb-wlmq/~/.ya/snowden/v1/locks/2026_09_09_13_03_07_vflrdly8
2026-09-09 13:04:07,831 DEBUG library.python.filelock: Ensuring FileLock released: /home/kkhamitov/git/ydb-wlmq/~/.ya/snowden/v1/locks/2026_09_09_13_03_07_vflrdly8
2026-09-09 13:05:07,851 DEBUG library.python.filelock: Acquiring FileLock (blocking=True): /home/kkhamitov/git/ydb-wlmq/~/.ya/snowden/v1/locks/2026_09_09_13_05_07_q19mw92p
2026-09-09 13:05:07,851 DEBUG library.python.filelock: Ensuring FileLock released: /home/kkhamitov/git/ydb-wlmq/~/.ya/snowden/v1/locks/2026_09_09_13_04_07_opz2r8j9
2026-09-09 13:05:07,851 DEBUG library.python.filelock: Ensuring FileLock released: /home/kkhamitov/git/ydb-wlmq/~/.ya/snowden/v1/locks/2026_09_09_13_04_07_opz2r8j9
2026-09-09 13:06:07,870 DEBUG library.python.filelock: Acquiring FileLock (blocking=True): /home/kkhamitov/git/ydb-wlmq/~/.ya/snowden/v1/locks/2026_09_09_13_06_07_hbk3y9k1
2026-09-09 13:06:07,870 DEBUG library.python.filelock: Ensuring FileLock released: /home/kkhamitov/git/ydb-wlmq/~/.ya/snowden/v1/locks/2026_09_09_13_05_07_q19mw92p
2026-09-09 13:06:07,870 DEBUG library.python.filelock: Ensuring FileLock released: /home/kkhamitov/git/ydb-wlmq/~/.ya/snowden/v1/locks/2026_09_09_13_05_07_q19mw92p
2026-09-09 13:07:07,881 DEBUG library.python.filelock: Acquiring FileLock (blocking=True): /home/kkhamitov/git/ydb-wlmq/~/.ya/snowden/v1/locks/2026_09_09_13_07_07_hcc6afmb
2026-09-09 13:07:07,881 DEBUG library.python.filelock: Ensuring FileLock released: /home/kkhamitov/git/ydb-wlmq/~/.ya/snowden/v1/locks/2026_09_09_13_06_07_hbk3y9k1
2026-09-09 13:07:07,882 DEBUG library.python.filelock: Ensuring FileLock released: /home/kkhamitov/git/ydb-wlmq/~/.ya/snowden/v1/locks/2026_09_09_13_06_07_hbk3y9k1
2026-09-09 13:08:08,104 DEBUG library.python.filelock: Acquiring FileLock (blocking=True): /home/kkhamitov/git/ydb-wlmq/~/.ya/snowden/v1/locks/2026_09_09_13_08_08_895nzopa
2026-09-09 13:08:08,104 DEBUG library.python.filelock: Ensuring FileLock released: /home/kkhamitov/git/ydb-wlmq/~/.ya/snowden/v1/locks/2026_09_09_13_07_07_hcc6afmb
2026-09-09 13:08:08,104 DEBUG library.python.filelock: Ensuring FileLock released: /home/kkhamitov/git/ydb-wlmq/~/.ya/snowden/v1/locks/2026_09_09_13_07_07_hcc6afmb
2026-09-09 13:09:08,126 DEBUG library.python.filelock: Acquiring FileLock (blocking=True): /home/kkhamitov/git/ydb-wlmq/~/.ya/snowden/v1/locks/2026_09_09_13_09_08_l7ffzgaa
2026-09-09 13:09:08,126 DEBUG library.python.filelock: Ensuring FileLock released: /home/kkhamitov/git/ydb-wlmq/~/.ya/snowden/v1/locks/2026_09_09_13_08_08_895nzopa
2026-09-09 13:09:08,126 DEBUG library.python.filelock: Ensuring FileLock released: /home/kkhamitov/git/ydb-wlmq/~/.ya/snowden/v1/locks/2026_09_09_13_08_08_895nzopa
2026-09-09 13:10:08,145 DEBUG library.python.filelock: Acquiring FileLock (blocking=True): /home/kkhamitov/git/ydb-wlmq/~/.ya/snowden/v1/locks/2026_09_09_13_10_08_saw8zsip
2026-09-09 13:10:08,146 DEBUG library.python.filelock: Ensuring FileLock released: /home/kkhamitov/git/ydb-wlmq/~/.ya/snowden/v1/locks/2026_09_09_13_09_08_l7ffzgaa
2026-09-09 13:10:08,146 DEBUG library.python.filelock: Ensuring FileLock released: /home/kkhamitov/git/ydb-wlmq/~/.ya/snowden/v1/locks/2026_09_09_13_09_08_l7ffzgaa
2026-09-09 13:11:08,264 DEBUG library.python.filelock: Acquiring FileLock (blocking=True): /home/kkhamitov/git/ydb-wlmq/~/.ya/snowden/v1/locks/2026_09_09_13_11_08_zqf0o2kf
2026-09-09 13:11:08,264 DEBUG library.python.filelock: Ensuring FileLock released: /home/kkhamitov/git/ydb-wlmq/~/.ya/snowden/v1/locks/2026_09_09_13_10_08_saw8zsip
2026-09-09 13:11:08,264 DEBUG library.python.filelock: Ensuring FileLock released: /home/kkhamitov/git/ydb-wlmq/~/.ya/snowden/v1/locks/2026_09_09_13_10_08_saw8zsip
2026-09-09 13:12:08,529 DEBUG library.python.filelock: Acquiring FileLock (blocking=True): /home/kkhamitov/git/ydb-wlmq/~/.ya/snowden/v1/locks/2026_09_09_13_12_08_14xz9m0k
2026-09-09 13:12:08,529 DEBUG library.python.filelock: Ensuring FileLock released: /home/kkhamitov/git/ydb-wlmq/~/.ya/snowden/v1/locks/2026_09_09_13_11_08_zqf0o2kf
2026-09-09 13:12:08,529 DEBUG library.python.filelock: Ensuring FileLock released: /home/kkhamitov/git/ydb-wlmq/~/.ya/snowden/v1/locks/2026_09_09_13_11_08_zqf0o2kf
2026-09-09 13:13:08,696 DEBUG library.python.filelock: Acquiring FileLock (blocking=True): /home/kkhamitov/git/ydb-wlmq/~/.ya/snowden/v1/locks/2026_09_09_13_13_08_dldzqhki
2026-09-09 13:13:08,697 DEBUG library.python.filelock: Ensuring FileLock released: /home/kkhamitov/git/ydb-wlmq/~/.ya/snowden/v1/locks/2026_09_09_13_12_08_14xz9m0k
2026-09-09 13:13:08,697 DEBUG library.python.filelock: Ensuring FileLock released: /home/kkhamitov/git/ydb-wlmq/~/.ya/snowden/v1/locks/2026_09_09_13_12_08_14xz9m0k
2026-09-09 13:14:08,787 DEBUG library.python.filelock: Acquiring FileLock (blocking=True): /home/kkhamitov/git/ydb-wlmq/~/.ya/snowden/v1/locks/2026_09_09_13_14_08_lq66g09x
2026-09-09 13:14:08,788 DEBUG library.python.filelock: Ensuring FileLock released: /home/kkhamitov/git/ydb-wlmq/~/.ya/snowden/v1/locks/2026_09_09_13_13_08_dldzqhki
2026-09-09 13:14:08,788 DEBUG library.python.filelock: Ensuring FileLock released: /home/kkhamitov/git/ydb-wlmq/~/.ya/snowden/v1/locks/2026_09_09_13_13_08_dldzqhki
